image_id,class_6
00d0f4ee536e780443bdf452ec614750.jpg,[0.22048688 0.22463584 0.10703605 0.08252415 0.25682104 0.10849605]
00f5ce61013130356cf6942836b1d18f.jpg,[0.23009115 0.19554898 0.14827134 0.09123543 0.2189826  0.11587059]
0113cd867cbcad38c7817ad1a6fc33ec.jpg,[0.22860195 0.19914117 0.12171901 0.07619865 0.26484242 0.10949677]
017b773994b13227de81d3145c4e8837.jpg,[0.22947751 0.21492814 0.13769478 0.09701598 0.19312885 0.12775475]
01a34d9b6616d060f29ade56eebc6e2c.jpg,[0.2122446  0.16075577 0.16657577 0.13564216 0.17026636 0.15451522]
0201f0b1fb1dd8fa7568a96ffb670ba7.jpg,[0.21163915 0.21091068 0.12719075 0.07983021 0.2679468  0.10248235]
032edf429c637c75fad3b5196711b727.jpg,[0.18145232 0.21769701 0.12801844 0.08061467 0.28330174 0.10891578]
037230ec9ebcfe4b6532aec7f2bd4e4d.jpg,[0.21536723 0.18346438 0.15681837 0.11250748 0.19318543 0.13865705]
03d9672bcec7e1dd13110e4270e2edb0.jpg,[0.2496568  0.18302539 0.12863325 0.0722182  0.24449433 0.12197203]
03e42ed7a74bc00b4a0173d169a2b701.jpg,[0.25420278 0.21045321 0.11766139 0.07779411 0.23334019 0.10654835]
0402c3c65cfa7d66e7d58f95a6b5ecfc.jpg,[0.25131908 0.18684962 0.11791173 0.06539679 0.2728228  0.10569999]
040789e3c21349bef4765265b5bda700.jpg,[0.18865502 0.2229974  0.14573424 0.11121957 0.19624563 0.13514821]
0492b6ff9cfb4046d6e39a5c093e0241.jpg,[0.19216436 0.2149646  0.12403375 0.0907324  0.26483843 0.11326649]
04eb11e19d0f8171964bf6a8dd8af28c.jpg,[0.25548217 0.19858581 0.11475303 0.06337089 0.2688949  0.09891322]
0559c9f26537c67a8a3ba5f681ff0f21.jpg,[0.23817971 0.20852831 0.12378412 0.07077093 0.2571094  0.10162749]
064243f3e4eecfbb3b26866378b92759.jpg,[0.23078433 0.1849462  0.13941407 0.07995643 0.24826306 0.11663596]
064ba33fd954a6a312882d168cec2167.jpg,[0.24431197 0.2378632  0.11336315 0.07160506 0.23123379 0.10162281]
067a447dc0ac70b683778a2d50903838.jpg,[0.21266066 0.17946401 0.15151669 0.10206438 0.22214825 0.13214596]
06fb1e1871fbbc2b537968a40f682a9b.jpg,[0.22193548 0.20350862 0.12829563 0.09803948 0.22540128 0.12281952]
07620090bd3581a0c7c344750f18621b.jpg,[0.22811559 0.21387888 0.12420428 0.08677981 0.23423883 0.11278255]
07901b86ff57a4a3bac3e3dccaa50919.jpg,[0.26358402 0.19265334 0.11333173 0.06597196 0.26171458 0.10274434]
07ac5f2b3566e4dab6a4eb85d888fe9b.jpg,[0.1974413  0.20047958 0.13005346 0.10622047 0.23809034 0.12771487]
07d0f38d163fcc35d9489f4e9aedbe9f.jpg,[0.23875557 0.21672224 0.12741491 0.09551405 0.21004465 0.11154857]
07ea8df78eb530d8d232a36c34de7c6f.jpg,[0.238803   0.17658357 0.1270621  0.06361077 0.29235086 0.10158968]
080cfe76c05c692d159e412e92b18e7d.jpg,[0.24323672 0.2107341  0.14343585 0.09220556 0.19014943 0.12023826]
08f640247d31fe52d0d87a270ed767c3.jpg,[0.21091333 0.17619185 0.15459234 0.11309915 0.21329933 0.131904  ]
09137b662742f679c5533dc8c537a1ee.jpg,[0.21355042 0.21433285 0.12725025 0.08115688 0.25589788 0.10781179]
0970f556ffeaf7d93a311acf7397ec12.jpg,[0.21166098 0.23711473 0.11753783 0.07864594 0.25619608 0.09884442]
09dfb1834a50e33c91aea70642a9533e.jpg,[0.21351252 0.2225494  0.1117887  0.08866643 0.25731954 0.1061634 ]
09e5237ca3a82d846d0006d21e5ddded.jpg,[0.2526157  0.1769259  0.13257675 0.07887607 0.23745622 0.12154936]
0a5401fb9ef26c86079dd308ebc57ba6.jpg,[0.21174125 0.20888261 0.12655373 0.07490619 0.26783654 0.11007977]
0aa032270333b6919b0842e2112640d6.jpg,[0.24859487 0.18905221 0.11960395 0.06459735 0.27547655 0.10267503]
0ab3e194767d5112e7bb07489bed207a.jpg,[0.22169264 0.18664643 0.14367712 0.10706289 0.20351312 0.13740785]
0ae1ddb4afda37ba3320446c4fb06da0.jpg,[0.21817285 0.2021369  0.13977726 0.09567189 0.22088572 0.12335534]
0b106830e3d4260f2f91b4f5405382a4.jpg,[0.21856786 0.18554886 0.14208212 0.09086642 0.24065407 0.12228057]
0b5f121dcf9a5cba585c64f9101b55b0.jpg,[0.21005066 0.21401253 0.13005006 0.1009344  0.22411875 0.12083358]
0b90dc421adaa772eb6d208613233a9a.jpg,[0.2308386  0.19359933 0.13392068 0.09994893 0.21866396 0.12302854]
0b9a9e5981955e9fd5778b7bb5e4296f.jpg,[0.25029162 0.1786247  0.14682698 0.09118876 0.202581   0.13048695]
0c2fc37ffd45f634a14a951cf74c3df6.jpg,[0.24950406 0.19916096 0.12167146 0.08143111 0.23743342 0.11079895]
0c7d039967513bfd0f07a88f01a6ff66.jpg,[0.19951086 0.19105668 0.14979187 0.1045497  0.23256956 0.12252141]
0c8e56e2d6873f3ea313cd88f1d1bfc5.jpg,[0.21283816 0.19295473 0.13146986 0.0861945  0.26278806 0.11375475]
0c972deb0469eea56c6e92a5f1bf73a6.jpg,[0.26138365 0.1858576  0.14552255 0.08376236 0.19942136 0.12405246]
0d2d10010820943dba03e1154b9f4321.jpg,[0.23691262 0.1741446  0.14593957 0.08374973 0.23519585 0.12405766]
0d5a6b552034c18aadeb4243ecb84f1c.jpg,[0.25730202 0.20446019 0.11783122 0.06883885 0.25408527 0.09748244]
0e271b608a79d1cda14825393e5cd29c.jpg,[0.20042995 0.20729358 0.11994705 0.12047029 0.22913694 0.12272214]
0edd7d0312dc8d948067935a1085ff65.jpg,[0.2221494  0.19641651 0.11764608 0.0814644  0.26993635 0.11238716]
0f3ecc684401acc93e6e8e5c8050ac9d.jpg,[0.2397442  0.20342435 0.11618223 0.07605579 0.2548514  0.10974204]
0f5850674ca2255f2afbd6eb8f61ac84.jpg,[0.2254416  0.19359525 0.13834403 0.08680487 0.23316082 0.12265331]
10146682db759367fae771933ca19b32.jpg,[0.23352608 0.23193295 0.11125871 0.0710733  0.24693127 0.10527761]
1088654ae3ce7bba7260b6be82fb2d7c.jpg,[0.23762642 0.22925559 0.1152234  0.07825654 0.23403172 0.1056063 ]
1195ab33e64b5a20eadef25d4c6a3e99.jpg,[0.21680339 0.1856485  0.1361256  0.07465928 0.27200186 0.11476136]
128d51aca2899306b97adb268310823b.jpg,[0.22985642 0.21079314 0.11734372 0.07290342 0.25507742 0.11402578]
12b3cfb1b3cbe09b9c0042d91c128d58.jpg,[0.20137441 0.20358223 0.13481666 0.11637705 0.21090361 0.132946  ]
12d789b212470dcad106384fdf98d30e.jpg,[0.25367472 0.2073501  0.11762207 0.07290243 0.24080217 0.10764851]
12e8083ef3da07269d6241b7ff9848cd.jpg,[0.21674995 0.2205355  0.12306995 0.08491068 0.2452365  0.10949738]
1300408afbd08f30b54070d5d0237aae.jpg,[0.2387243  0.18682654 0.13416183 0.09175847 0.22294776 0.12558104]
130a08e21017b7c0fb834ca1ef6b90ea.jpg,[0.23926517 0.19982073 0.11798252 0.08630022 0.24089581 0.11573559]
13189405493a419f4ad50d4066ded80b.jpg,[0.24596094 0.19978948 0.12947817 0.07930716 0.22913091 0.11633325]
131aca1df8c900b3d5c63f710fb141e9.jpg,[0.20090188 0.22022845 0.12779982 0.08741958 0.26208502 0.10156526]
135efa9313997eb77ac07ce9c8a99242.jpg,[0.23989707 0.21756251 0.11667511 0.07122029 0.24812397 0.106521  ]
139ede039557d1577d55ab0ace1e5127.jpg,[0.26041383 0.2124937  0.11595788 0.06876923 0.24025351 0.10211184]
13fa51fc077f50bc9d7ede3be87c9062.jpg,[0.22183403 0.20636553 0.13699386 0.0976228  0.21580625 0.12137758]
143b13eb7a7441c9130b5a9e3e05291f.jpg,[0.18723041 0.22427586 0.13319421 0.11777055 0.21573871 0.12179025]
145e0bf0502bd6c4396883f1be61f92e.jpg,[0.2280131  0.20745453 0.12085255 0.07421436 0.27056867 0.09889685]
148cab0fc183b623964d6b37eef8e924.jpg,[0.23320216 0.19347593 0.13022962 0.09155302 0.23137817 0.12016109]
15161f50ab0296ed10ac367c9fdc08aa.jpg,[0.2525069  0.20507973 0.11653272 0.06964131 0.24843635 0.10780303]
154eac8fc6df8209430538a97dd218c2.jpg,[0.23197451 0.20331925 0.11818712 0.06841446 0.27457383 0.10353085]
1565b94cbc58ceb4f0da0ecf7cb1d32d.jpg,[0.20436561 0.21176898 0.12211714 0.07826729 0.2741594  0.1093215 ]
15ab602c88d5b6c0a341767a60a8e9e3.jpg,[0.267505   0.1970275  0.12413305 0.07265357 0.2258439  0.11283691]
165427a855593c29eaca454cbc9d5aa4.jpg,[0.22753884 0.17682719 0.14314735 0.09058906 0.23597789 0.12591974]
165957b589d3082ccac02500425afbf1.jpg,[0.24449837 0.20594707 0.12918383 0.09313934 0.21141797 0.11581346]
173abdf26440c6d821d4d05285008ac7.jpg,[0.20889162 0.21154997 0.1237653  0.09752983 0.24060488 0.11765846]
1769e2a4bb70205f9acfc3c3a959393a.jpg,[0.21257928 0.18954425 0.13120104 0.09285469 0.25209627 0.12172449]
1772935629e204eeb44b17c153b22fdd.jpg,[0.19904792 0.23119734 0.11651478 0.08643215 0.25445914 0.11234866]
1796578ac0db2015d3c3b67f9f218962.jpg,[0.21634217 0.1666665  0.15627153 0.10727455 0.20932275 0.14412242]
17d7c91da6a0680264b70e8b76a33978.jpg,[0.22810169 0.21681733 0.11818481 0.0810708  0.23637731 0.11944813]
181808e808d2b2c0f84d49ac401e4c96.jpg,[0.18923129 0.23805818 0.11501764 0.10831349 0.23907548 0.11030388]
188bd94fc451682605b52c3f123ce3ab.jpg,[0.25066268 0.19557886 0.12199766 0.07959702 0.23631245 0.11585134]
18c514201d4d375596eaf057d43faa73.jpg,[0.2515313  0.19995922 0.12867542 0.09447306 0.20300779 0.12235323]
18d851014b96805aed2d1a32245c307f.jpg,[0.25268698 0.20863001 0.11520089 0.05884283 0.27028412 0.09435511]
1912089e584eaf86c4be5b0f22034c88.jpg,[0.2301033  0.20993158 0.143202   0.09608518 0.19180357 0.12887435]
19b8b17b421aa20c7c07ec93e13d939e.jpg,[0.22852172 0.17721127 0.15038039 0.0928322  0.22065768 0.13039675]
1a03ab45b65789e4ca0d2d947642e1d2.jpg,[0.21123244 0.19755991 0.12383363 0.0853982  0.26559493 0.11638092]
1a73b827ee67626b26dda5b2888f5e23.jpg,[0.23236108 0.21564151 0.11726355 0.07287082 0.26028275 0.10158023]
1a7b65d195aeba37d71e248046bd0716.jpg,[0.22707307 0.19196555 0.1323542  0.08806277 0.23962818 0.12091626]
1ad75bfc569079f19e72fc44f47f76a6.jpg,[0.2097494  0.19905971 0.12917382 0.08499188 0.26157477 0.11545036]
1b014fb83c57bb05fb3b6307428c98c1.jpg,[0.21455576 0.20854233 0.12383518 0.09570806 0.24263836 0.11472034]
1b5aa9bfef547ead7f58b540a78e7328.jpg,[0.21011437 0.19593266 0.1440868  0.08963846 0.2347815  0.12544626]
1b7df44a9a3f1e81c3698e8f602e3abf.jpg,[0.21355928 0.19955641 0.1423787  0.09988742 0.21701849 0.12759967]
1c3a1942ad23b290df6602652e6821ed.jpg,[0.2242069  0.20446151 0.125137   0.08513049 0.24086948 0.12019464]
1cb811a1f45b755ea20d2600e2ced5ba.jpg,[0.19968683 0.20935963 0.12473579 0.08957669 0.2624322  0.11420889]
1cbdf22aa25f2663d3c5a62e17e0c63f.jpg,[0.24229155 0.18135352 0.11617024 0.06876933 0.290264   0.10115139]
1d1cd65f73b8eb99aae1d572539244ff.jpg,[0.2286482  0.21425383 0.11469959 0.07658657 0.25925228 0.10655961]
1d960087564b9b268a6f53f80d392203.jpg,[0.22388951 0.18917368 0.13939041 0.08841318 0.23167814 0.12745503]
1e24e9b340da3621880fa144a534c8f2.jpg,[0.22610871 0.23187837 0.11386146 0.06982806 0.24829468 0.11002873]
1ea743ff8529ae19e01465cb93a67efb.jpg,[0.21051623 0.21039395 0.12254321 0.09148144 0.2561638  0.10890137]
1ee809fcbb3a9c444ca4906d77cd699d.jpg,[0.234398   0.17712979 0.14871417 0.10809755 0.19636862 0.13529187]
1f1d83a40fbde96884d96ef4c8645bb5.jpg,[0.20475784 0.21636362 0.12273938 0.10462961 0.23012614 0.12138343]
1f2cb215f4fe8dfb2e66ed2aee8a07c8.jpg,[0.27284816 0.19513726 0.13577189 0.06963747 0.213753   0.11285219]
1f4cce9861880d0fdafd302845fb4577.jpg,[0.21797733 0.19883217 0.13897765 0.09384763 0.23168816 0.11867705]
1f9f120d73c6e33b2802aa4262353ced.jpg,[0.20469254 0.19482644 0.13531853 0.11293919 0.21846442 0.1337589 ]
1fae9859d8dfef208d030be3651f8327.jpg,[0.26912665 0.18266302 0.12229525 0.06972167 0.24142385 0.11476956]
2017a6866f9e64ceb15cd0b846b49620.jpg,[0.25869915 0.19179662 0.11746977 0.06811908 0.25470322 0.10921209]
2072c1a534e7d6690cd19974bd8a98ea.jpg,[0.20773743 0.21274376 0.12763818 0.09210696 0.24807225 0.11170143]
2089d83c04607fa796e12959dcb44cfb.jpg,[0.20973223 0.21087259 0.12500657 0.09661432 0.23833558 0.11943867]
21245125c18c46735539ebffde27a635.jpg,[0.24323536 0.19131522 0.14323291 0.08219475 0.21610779 0.12391397]
220f58cd0c57e5076eea2e7890bb02e5.jpg,[0.24209888 0.19019642 0.13917676 0.08057808 0.2267575  0.12119246]
22b6a0c368e05f5c753f3d4a697c23f9.jpg,[0.23454107 0.20040053 0.12303141 0.08665494 0.240701   0.11467112]
2311c1071f1ac366fd0d7bda58bfad4b.jpg,[0.21751311 0.19857426 0.12492878 0.07046933 0.27815497 0.11035948]
2375effcd3ab666b6607e31f80be751b.jpg,[0.25763994 0.18078132 0.12042221 0.06332493 0.27027705 0.10755463]
2380de8cf4113d297807a9b314d5066f.jpg,[0.22398613 0.1954931  0.14185397 0.06883439 0.25437963 0.11545271]
2387eab9febc4c3f0cb8001712fd0fc5.jpg,[0.24658458 0.20412676 0.12010002 0.06865014 0.25410837 0.10643005]
23d21e18c3173948e5415a8cc67c3d00.jpg,[0.24021174 0.18053442 0.13771406 0.10867945 0.19554481 0.13731551]
240ba997fee89139b1ed6f7fab78e3ad.jpg,[0.21794616 0.21250835 0.13861391 0.07613521 0.24826449 0.10653186]
2473702ea726f499642365521f959a1c.jpg,[0.21634768 0.1962702  0.13670611 0.08317319 0.2526074  0.1148954 ]
24a5f95594f1165f7b6efd8a98e90320.jpg,[0.23381129 0.19184043 0.11668946 0.06705391 0.27773455 0.11287032]
24c597c07f4f75be2564f4e54cbe18f8.jpg,[0.2554847  0.19883867 0.1296426  0.06640218 0.24010368 0.10952815]
24eb105b23d2f303579296baa7b4ea5e.jpg,[0.25680277 0.20080593 0.11364931 0.07476508 0.24194226 0.11203469]
2561f00f5c79efefba0a47c299880b6c.jpg,[0.20331062 0.20516206 0.12413342 0.07740359 0.27983475 0.11015556]
2575b2fd8f7925a6a75f374c6dc1473d.jpg,[0.25284138 0.18470885 0.11614073 0.05756218 0.2926891  0.09605768]
258cf29243522c1a6411eb2f7f0e0080.jpg,[0.23515758 0.21154688 0.12564096 0.07696517 0.23346816 0.11722126]
25af5f4bc18c4c1524594e64b573807e.jpg,[0.25090542 0.18698378 0.1343962  0.07862035 0.23269673 0.11639761]
262abbdc5adcff5a3ead3e31ce5fd652.jpg,[0.23502548 0.2101428  0.12363038 0.0668671  0.26860073 0.09573346]
26328c3a1591a62c0993a4e6cda003d1.jpg,[0.23418564 0.20186114 0.14449751 0.09211553 0.2024604  0.12487987]
26d8fd60987965c8a66f265b1fa670c0.jpg,[0.23515916 0.19155939 0.12113393 0.07928468 0.2602696  0.11259321]
26f71a852cde66ad2fac0f18256496d3.jpg,[0.2391095  0.19638263 0.14292903 0.08587867 0.2119154  0.12378473]
277bdc60f20a49d73525ab24a6e2128a.jpg,[0.21177004 0.20956989 0.12720458 0.1014287  0.23305285 0.11697392]
27b8774b7da3223cd9a76f50b71a9272.jpg,[0.23808709 0.19799174 0.14198309 0.0955791  0.2041775  0.12218139]
2800990d0527b831396aa9fb4f25b32c.jpg,[0.25029054 0.18770859 0.11708935 0.06691886 0.26624933 0.11174335]
2970c862750fd94b24e99cf54581516b.jpg,[0.23716913 0.19225259 0.12967241 0.07979825 0.23843032 0.1226773 ]
29a9efa2cd5671095971729fb49b4f87.jpg,[0.26046017 0.19070219 0.11313302 0.06746646 0.2627431  0.10549512]
29cf97f96cc8e5996fd0c983dd761b16.jpg,[0.25279024 0.18735439 0.12742195 0.07608923 0.24242076 0.1139234 ]
2a3c3dd2a3cb4d133784464a1c26aee3.jpg,[0.21940172 0.21279727 0.1368523  0.08316056 0.21808128 0.12970686]
2a473dcca0ab320f20d25cd4f63f9e4b.jpg,[0.21233097 0.1835285  0.13652931 0.10569384 0.23461744 0.12729982]
2a98162868098f2e024f540a4fb3fa12.jpg,[0.24552296 0.20126386 0.12309532 0.07161843 0.2605102  0.09798927]
2b2f94eddc0024242f109ebd3ad33d2e.jpg,[0.2253941  0.19912256 0.1312127  0.08347514 0.24272239 0.11807312]
2b33fc62a5d8500be468824c7850dda8.jpg,[0.21007152 0.22999519 0.1109537  0.08425423 0.26162675 0.1030986 ]
2b382bc01fb9453f0775ee820683dfeb.jpg,[0.22610858 0.20779999 0.11682356 0.09152205 0.24418709 0.11355861]
2b648aa09d48bdc4cf954f175fc8ad25.jpg,[0.2402782  0.18465467 0.14483467 0.0678706  0.23320942 0.12915243]
2b6e8bba7f4dd22ed7895e7e397fd8a8.jpg,[0.2664273  0.2042148  0.12539634 0.07279181 0.22328085 0.1078888 ]
2be49975941e0789e57208db31e35961.jpg,[0.23169771 0.20258494 0.11745623 0.07573034 0.26730928 0.10522144]
2c70614b457979585f1e205fe0ca7d1e.jpg,[0.23558639 0.19693235 0.12073786 0.07328835 0.26307255 0.11038242]
2c8b5da5273a4ccae8145a16ed699009.jpg,[0.239322   0.21716371 0.12164427 0.11091817 0.19210683 0.11884505]
2cd96c9637f169a35bb8e6492c6c657c.jpg,[0.19837593 0.18153149 0.15142801 0.11235592 0.21898603 0.13732257]
2d1699f8f4275413c17d8d3ed5398324.jpg,[0.2246999  0.21892345 0.1364276  0.0850322  0.22038612 0.11453079]
2d6c537330f9f1e2828bbb24ff5cf4fe.jpg,[0.2576345  0.1826099  0.12354827 0.06601167 0.26237497 0.10782077]
2d6d6e1f1696b4967adb162ce28b2ba2.jpg,[0.22917059 0.19837262 0.13255128 0.09472483 0.22212505 0.12305561]
2d727d9f61b96f51c4ae7447ea79c5b0.jpg,[0.23211303 0.19837652 0.1159398  0.06613026 0.28560358 0.10183682]
2df9cc133348c76496fd5bf0a308500e.jpg,[0.2126492  0.20990124 0.13517068 0.10429277 0.21556833 0.12241779]
2e5de8e033aafb12690a7ecc43bc8b8d.jpg,[0.2527041  0.19359843 0.11325318 0.06713131 0.26806495 0.105248  ]
2fc1492c635b6e64bb6de2abd99be1f3.jpg,[0.21652015 0.22139059 0.1308597  0.09851614 0.2093731  0.12334035]
2fea2ab1351090791a8563838cee84a6.jpg,[0.22366107 0.20319986 0.12132563 0.10081956 0.23026463 0.12072924]
2fed449089c717885ee92d1116e991b7.jpg,[0.22484393 0.19127935 0.13219911 0.08118396 0.25926462 0.111229  ]
2fee4c1852dc5f80e2ad008a0f460686.jpg,[0.21429369 0.20967612 0.13066164 0.09433576 0.23350538 0.11752741]
3018190bd40649434b22b57a537062f6.jpg,[0.25358462 0.20033394 0.12235849 0.06736084 0.25341842 0.10294368]
302fd2cc582e7a71748e24f944926815.jpg,[0.1920212  0.20787735 0.13874985 0.12369496 0.20128384 0.13637272]
30438d9bb0d2b020e331daf5fa7e5fe9.jpg,[0.21645282 0.18089832 0.12923458 0.07761776 0.27302232 0.12277419]
30c8ec2f658dab85ae3185a9643e1c12.jpg,[0.21814248 0.1853809  0.14051883 0.07331042 0.26945296 0.11319443]
322da7da7da87ff16af32b9e64afba27.jpg,[0.20862794 0.2096087  0.12588368 0.09749149 0.24174683 0.11664136]
3291ab1eae3eefa703bf144af2fa2890.jpg,[0.24723102 0.19331403 0.12977578 0.08709813 0.23047638 0.11210458]
32e3bcd8ebdea5a04122590cbed3eee4.jpg,[0.20575032 0.23135547 0.11567501 0.10368534 0.22959016 0.11394366]
334ba8cf8acf07e9a158c296b9dea11d.jpg,[0.24341786 0.1966601  0.12941274 0.06938031 0.2532181  0.10791081]
33baf8772e762ade8ef3a99835309ced.jpg,[0.23707478 0.19000515 0.12416852 0.07705449 0.26382065 0.10787647]
344ab04d8423aa02ee7b5940c90b96d5.jpg,[0.24694686 0.18979914 0.11575379 0.06844599 0.27407396 0.10498023]
344ec9d32b4bc2327e46dfbde737aad6.jpg,[0.24810608 0.20285803 0.11388215 0.06743671 0.26831672 0.09940024]
34815181829571e643f7a35a12964014.jpg,[0.22866987 0.1867765  0.12790808 0.07582035 0.2647948  0.11603046]
349047dcdafa49b05b603c3eb289ed67.jpg,[0.24003525 0.20828947 0.1297021  0.07694564 0.24085003 0.10417753]
34e32fb313871f67206401f66b68b819.jpg,[0.23571382 0.21429203 0.1144103  0.07860062 0.24728817 0.10969507]
353ac75aef0f506ff9a2ca1f31b90721.jpg,[0.2369621  0.22478598 0.12264428 0.080394   0.22692901 0.1082847 ]
3551453019834c7cf777921829c30a10.jpg,[0.25754806 0.2038744  0.11969235 0.06703517 0.24739106 0.10445892]
3588abaca8d499996e0038c8bfb2e427.jpg,[0.2336849  0.17920442 0.13905598 0.0993295  0.21870632 0.13001886]
359b5c499accab6f3fe33182406e4d4f.jpg,[0.21861862 0.20016856 0.14057411 0.11090805 0.20288007 0.12685058]
359e8de827dac6a337e5c1bafa8cd60f.jpg,[0.23114197 0.22495162 0.11958308 0.08664452 0.22745642 0.11022243]
35d32e6a22d639cc3dff1d3037def2b6.jpg,[0.24479212 0.1968613  0.13477413 0.07070171 0.246062   0.10680869]
36ee9765128d0c137d8c21106fb69f72.jpg,[0.24453251 0.19363554 0.1185038  0.06737062 0.26803866 0.10791891]
36eeba00b3df6a6c0bc7682ff01dd502.jpg,[0.20741786 0.2232231  0.11550962 0.07409231 0.27559313 0.10416397]
37f99b93d107aed1cef0c9d8f6f0f759.jpg,[0.23607646 0.20109256 0.13506149 0.08498984 0.22033638 0.12244329]
3884b18560cf11e1f6c069a2dc9d545e.jpg,[0.2063957  0.2026433  0.13467312 0.09668576 0.2346614  0.12494067]
39189aa0c57a5ecd32d8c6119402e638.jpg,[0.23873454 0.20458396 0.12287628 0.07389564 0.25556794 0.10434158]
397eed8b033aff57801859a5308e9ef6.jpg,[0.22107552 0.21294938 0.13074249 0.09915632 0.21600054 0.12007578]
39c06dc4cf1c63c3b1fe4365495ed686.jpg,[0.22662388 0.20166394 0.13462497 0.08544439 0.23003174 0.1216111 ]
39df18337146ffe14f2a613d02ab5b69.jpg,[0.19747978 0.20176686 0.12501535 0.07814649 0.2895175  0.10807408]
3a0fe12ec506d9fe99c0e370bce7eeef.jpg,[0.22450034 0.21002477 0.12339371 0.08910646 0.2414335  0.11154119]
3a57b3a17a5f0eed4f2a4b8a5fa8f81b.jpg,[0.22485663 0.20116532 0.12910672 0.09011506 0.23606959 0.1186867 ]
3b305af9d482ea42de342673a3a5d0b6.jpg,[0.23351741 0.1983861  0.12071272 0.08062609 0.254895   0.11186262]
3c49486732c028dcb9919e479173a4b0.jpg,[0.18002245 0.19162373 0.14297682 0.11668706 0.23706019 0.13162977]
3c5d1dd4f6a9167327eda3a53c5f325f.jpg,[0.17098825 0.19505626 0.1496348  0.149362   0.1920829  0.14287585]
3d048ce87403e32bbe9440538e5c37e7.jpg,[0.20063494 0.21318753 0.13586396 0.11742465 0.20491797 0.1279709 ]
3dd40670c0bb111d98f873679a31f0a3.jpg,[0.21104346 0.21971005 0.12168568 0.08769605 0.24576165 0.11410308]
3ddfbab46552b22c719c982416d8aaf7.jpg,[0.227289   0.1960802  0.13194875 0.09506807 0.22401033 0.12560369]
3e4f71f14476c05390c5ce96757fcd29.jpg,[0.22335844 0.1999144  0.12949452 0.07818651 0.25081667 0.11822946]
3e97059b4036d11279fc5f6a32e286d9.jpg,[0.22846654 0.21132196 0.12689511 0.08032344 0.23870026 0.11429267]
3ea60afd5a4381b60fea77f46fae2dde.jpg,[0.25045443 0.20413314 0.11271824 0.07527201 0.24922536 0.1081968 ]
3f4a64dc25c149a017b80145043ff6ae.jpg,[0.21764143 0.18959303 0.14566936 0.08837418 0.22188777 0.13683426]
3f5e6257f0b436b5de1132d4198b173f.jpg,[0.20227873 0.19495077 0.13912973 0.09850022 0.23185812 0.13328247]
3f8e9f05b200730cd49778701f6f02ca.jpg,[0.2472432  0.17798054 0.12765017 0.06402074 0.27213556 0.11096977]
3fa1709002d516737581051ff7f62d21.jpg,[0.20331755 0.22135097 0.12742555 0.09059224 0.24278715 0.11452647]
3fc26d8e129e52cf7222c3470da8c1cd.jpg,[0.24065101 0.17689493 0.13510878 0.07346237 0.26099935 0.11288358]
3fcab4e5f81e15f15bc8830e602f072c.jpg,[0.21951851 0.19224277 0.13154154 0.08893094 0.25039074 0.11737545]
3fe25299a792469478fb7016f3eb6b8b.jpg,[0.20603138 0.17394939 0.15942757 0.12486047 0.19361416 0.14211704]
4063361a11d133b6e1547322eceea7dc.jpg,[0.21540855 0.20440432 0.1300261  0.09389765 0.23728432 0.11897913]
40694753305e935fdefadc4db843da82.jpg,[0.19304796 0.1973746  0.1366612  0.08435488 0.27402207 0.11453925]
4074451e7fe516431701688b658e3008.jpg,[0.24263106 0.17890576 0.15584892 0.08929192 0.20993246 0.12338986]
40a154794c7e30f813cf948278d5be5f.jpg,[0.25110713 0.19956638 0.1270061  0.08774038 0.22014427 0.11443572]
40ba27bd0374c00486482da9fcaa3452.jpg,[0.19225354 0.2140881  0.13782196 0.09659144 0.23968838 0.11955664]
4270873295a51482cad153c6b053daee.jpg,[0.2601598  0.20385519 0.11812912 0.0714881  0.24062325 0.10574452]
42b2cdab62530312484e67c7d3a62f6c.jpg,[0.20913035 0.20796506 0.12797087 0.10539742 0.22164422 0.12789199]
42be7876cdcac71188d2272dc5918bf8.jpg,[0.23175628 0.17684266 0.15682176 0.09262588 0.20674516 0.13520822]
4354ab798102bc3f5ea8e6619d0fa802.jpg,[0.19647288 0.19543332 0.140656   0.1014792  0.23619103 0.12976766]
43acf5c8b5af90185dc95865eb3864c8.jpg,[0.27494565 0.20389056 0.1296798  0.06749487 0.222565   0.10142408]
44564626f5b4e415d88b4f6d3238f4ae.jpg,[0.21956742 0.19733313 0.1343829  0.0970699  0.23033057 0.12131617]
44a72fcc4cb094eca477a0fcb1911278.jpg,[0.23556106 0.17049356 0.13410164 0.06428196 0.2900397  0.10552209]
45ead6dda820b9d8097d849efd8e7812.jpg,[0.24185166 0.19261584 0.12370307 0.07931823 0.24731135 0.11519979]
4671e132944b6644dadcb3f10abf9892.jpg,[0.23173876 0.20435782 0.12515695 0.07082989 0.25910255 0.10881398]
469dd8170ff04ee781797d1f2a9ea084.jpg,[0.22068597 0.20825168 0.12530382 0.09931005 0.22965741 0.1167911 ]
46b274afcbc30eabb3adc512cf42dfe1.jpg,[0.20141633 0.19841999 0.1364416  0.09490074 0.2416503  0.12717107]
47a0266c4b831ccaaba3926197255c79.jpg,[0.19701761 0.20988433 0.13533309 0.0988434  0.23938856 0.11953298]
488fd10513b7697d60813dbe09f82aa2.jpg,[0.21915372 0.20027412 0.138109   0.10030568 0.21474464 0.12741297]
49414bb7e2aac2f0bfeb89060592cfaa.jpg,[0.2528951  0.20809504 0.12933995 0.06943635 0.23321141 0.10702219]
49640c24d6f3803face36310ed4bff54.jpg,[0.19110431 0.20803364 0.13604005 0.11627116 0.21576765 0.1327832 ]
4964cade3c16f707990f552e59729e8b.jpg,[0.25223625 0.19068511 0.11701429 0.06639057 0.27289063 0.10078315]
49c995c7525308bd40bf92f28e55f279.jpg,[0.20356077 0.21766856 0.13664757 0.08731602 0.24109058 0.11371652]
4a1957594c365e636daf84402cb0636b.jpg,[0.21225625 0.21287073 0.11275206 0.10441157 0.24988562 0.10782383]
4a4417ba03c7c136542c6521cd84035c.jpg,[0.21304898 0.19551444 0.13813648 0.09586046 0.22819011 0.1292495 ]
4a8ec1b8f572b3f2dcb500134061724b.jpg,[0.18369946 0.22145881 0.12519889 0.12530369 0.22045226 0.12388685]
4aca6b907dde74cee44466ecf8ccf204.jpg,[0.23153332 0.19426778 0.12866072 0.07950384 0.24899666 0.11703768]
4bd61089e64612e8fc41e745eb9fc89a.jpg,[0.18465155 0.23499854 0.11043272 0.08609225 0.27833328 0.10549168]
4bde76583dd47531e77ca9ad5d3b2210.jpg,[0.25775602 0.20383024 0.1274935  0.08879318 0.20314763 0.11897944]
4c7dfb730e2df932cb09f9415246158b.jpg,[0.24297097 0.21617784 0.12342771 0.07780959 0.23597033 0.10364349]
4cde442299608a858093e65f26d97b36.jpg,[0.2583235  0.21765938 0.1224037  0.06435482 0.2399505  0.09730805]
4d265206d2b595d6ee659c6efa443930.jpg,[0.26157305 0.17463487 0.14452308 0.08992472 0.20201217 0.12733214]
4d6ddeaedb84b08970b937a0ccc39b66.jpg,[0.22106415 0.20439762 0.13209502 0.08043262 0.24618118 0.11582936]
4e0662256885de051b41e8f0a3d9a337.jpg,[0.19640283 0.17716996 0.16126366 0.13777879 0.16364978 0.16373496]
4e76cb10759ebb9e851677ec0cb76b4c.jpg,[0.24247396 0.23821326 0.11677312 0.08212724 0.21236676 0.10804559]
4ebf97acccead03c17d564c6701403ae.jpg,[0.20151503 0.21808603 0.13045536 0.09877752 0.23779838 0.11336765]
4ed71bcd3a9bf8857c7b08aeefb2e3cb.jpg,[0.24766408 0.19785112 0.13205594 0.08842061 0.216714   0.11729427]
4ee21482bb3d9c71300eb1c5f940bf5c.jpg,[0.22314565 0.21137792 0.12108073 0.07634066 0.25400674 0.11404834]
4eeae9343812050fa1e1693f73ae9f17.jpg,[0.2174594  0.2021584  0.11885437 0.08846298 0.26159975 0.11146514]
4f66eee34d9ff9eb3a68d72bccfff876.jpg,[0.2045949  0.21216872 0.12454381 0.08168767 0.2666057  0.11039918]
4f79bf3185386450e3d08000d78b1208.jpg,[0.2352961  0.19382216 0.13345161 0.0862533  0.23223731 0.11893947]
4f87e07026ad190722dffbd18d9f73b2.jpg,[0.20938532 0.21303567 0.12890725 0.08431641 0.25382012 0.11053526]
4fe567477b160093ac6b0b35800f0318.jpg,[0.23676872 0.1958747  0.12436932 0.07989597 0.25647062 0.10662065]
5021993f29df0282384dad545f4fefdd.jpg,[0.23746991 0.1886489  0.11874692 0.07267018 0.27541366 0.10705043]
5033038528270374e322fa56d581f569.jpg,[0.24724504 0.1949165  0.12447724 0.07400224 0.25297228 0.10638675]
50ea6f41caec9c0b8f8511423a6e7432.jpg,[0.23514397 0.19642016 0.12442394 0.07946237 0.24549726 0.11905226]
50ecd56378f360f2b93f2012c9e9def6.jpg,[0.24792612 0.19950354 0.13930419 0.08651564 0.2130901  0.11366033]
5115096fe4394a59bbfb96f43b81da1c.jpg,[0.2309561  0.19483264 0.1385331  0.08725389 0.23155157 0.11687262]
5197f194d7b42e814a61de18c7d72591.jpg,[0.21501914 0.22860256 0.10420996 0.06787348 0.2960033  0.08829154]
51d3f1eb695f5d40cc27e7582a693a40.jpg,[0.22401097 0.19486874 0.13622001 0.09354714 0.22223157 0.12912162]
51e21030dd8f1ab7adaf5719d9b1c667.jpg,[0.20227878 0.17813095 0.15591627 0.13972133 0.1711808  0.15277186]
52935f2ca90fc8ef0aadeb29589294db.jpg,[0.22772525 0.19704698 0.13164593 0.08509155 0.24232519 0.11616509]
5308261df457b4678f9f50cc878df917.jpg,[0.24781814 0.1912583  0.11856491 0.06553464 0.271969   0.1048551 ]
5374e91673c4bdfcd80179f2e71b3149.jpg,[0.23939979 0.20341618 0.12151071 0.07378028 0.2539319  0.10796111]
537aab835c4b99381249e76749777093.jpg,[0.2569615  0.19631769 0.12092643 0.07490794 0.240394   0.11049248]
53be649b31b7afa6f54df99ea5d67c46.jpg,[0.25672475 0.20381351 0.11510195 0.07245217 0.2457793  0.10612825]
54193829fd88ed13c95c73f9c822eece.jpg,[0.21506302 0.22974126 0.12134837 0.09677631 0.22990449 0.10716647]
5465aefd8f1866390753ba469226c70a.jpg,[0.23510243 0.1916481  0.14860302 0.08883262 0.20401831 0.13179548]
547af7a78eb4d7a4a977cd70fc224936.jpg,[0.2233149  0.1720903  0.14588165 0.06941345 0.27060395 0.11869583]
54b9485b8c2076d5ec1399e3f8a40bf9.jpg,[0.20586002 0.21277656 0.12177414 0.09344552 0.25199333 0.11415049]
556aa2c5ec3efc3a4b3c57d871b3f391.jpg,[0.20876406 0.19562624 0.13525562 0.10465713 0.22348343 0.13221355]
56d1c089bf88384b495509975762b536.jpg,[0.22931613 0.18559487 0.13730542 0.10131934 0.21753778 0.12892644]
56fa908b9ea79f4c849198ed9f96206c.jpg,[0.23951356 0.19549954 0.11659237 0.06876555 0.27657327 0.10305568]
57c1dee76d7a95c0e9243211a24bd80c.jpg,[0.24148558 0.21750672 0.11415519 0.07138407 0.2589154  0.09655306]
58416bdbc876d014117abfadea6eee2d.jpg,[0.25409573 0.21096663 0.12447812 0.06999978 0.22459817 0.11586162]
588b362ccff264f210d03920d583f26d.jpg,[0.20893034 0.20037751 0.11934028 0.07727876 0.2857863  0.10828682]
58ec48985d868ce0930ef4c207735c47.jpg,[0.24622388 0.17877576 0.12113744 0.06090043 0.29343775 0.0995247 ]
5906992124efa724bc3981ac5b21e901.jpg,[0.23552242 0.23958936 0.11244723 0.07313741 0.23534735 0.10395624]
594460b9661e02db20e6b292bf1667ba.jpg,[0.21370177 0.19294909 0.14695662 0.11574548 0.20363545 0.12701163]
59671665c12cb6fef041c1b7cc62fd7f.jpg,[0.23550397 0.19069132 0.15052564 0.07934625 0.22052951 0.12340332]
5a85ab3e23b63727fd6965f2994e1446.jpg,[0.25820094 0.19623096 0.12730683 0.08845031 0.21321055 0.11660038]
5c47015465705e7d648b3ac8b9494b9b.jpg,[0.23590314 0.18791059 0.11779755 0.06925105 0.28449222 0.10464551]
5c63207698525f8a867824b0f69e56bf.jpg,[0.23082143 0.20165585 0.1287934  0.08459219 0.24032174 0.11381545]
5ca77a78e13dd7231a54b64615986c6d.jpg,[0.25568566 0.19302648 0.12549892 0.07392747 0.24395323 0.10790821]
5d2f4293d6859e48f667fdca6a70da65.jpg,[0.22607917 0.21733183 0.1186192  0.07523963 0.26519272 0.09753744]
5db2dedb4b2260f63e911c0dfca89c8c.jpg,[0.24416532 0.20483553 0.13787618 0.06946181 0.24330309 0.10035806]
5e0c85f88efeb7df8716966dfafc1167.jpg,[0.21756372 0.19909209 0.13907585 0.1058803  0.20974196 0.12864599]
5e45991f40388a76876dd00e14e64725.jpg,[0.19234887 0.19971238 0.14184432 0.11343703 0.22442783 0.12822957]
5eeaa9b9469b8c06f5c22e414b286f82.jpg,[0.22621709 0.1981624  0.12904209 0.08308576 0.2509921  0.11250058]
5f02ae4333ff08d405afc5434a4dbc79.jpg,[0.21845502 0.20544764 0.13393871 0.09263485 0.22852874 0.12099513]
5f128d2cb5f4e5096547c99aabdaeac3.jpg,[0.21600488 0.17963254 0.15323238 0.11180831 0.20082371 0.1384982 ]
601561ae413e36f9d90608d1cbad0fdd.jpg,[0.23365246 0.19883035 0.12393757 0.07892337 0.24987683 0.11477937]
60543d2518a7a7c3df62b0cc7ca29a83.jpg,[0.24357438 0.18953182 0.12619781 0.08056945 0.2497572  0.11036935]
60ca027becb45a0d133c16b5d82cc802.jpg,[0.18443891 0.19271693 0.15016355 0.12190813 0.20916556 0.14160694]
60e77878a79cb3f0bd8cbe279bd18fc8.jpg,[0.24415185 0.20420799 0.12030854 0.08219539 0.24042663 0.1087096 ]
6146baa7818bb77e6f2a412a607b1eac.jpg,[0.24037161 0.19337575 0.12659346 0.07181539 0.25970095 0.10814278]
61481659e615d71942fab5d6f035402f.jpg,[0.22571452 0.20357734 0.12874787 0.07662646 0.25720257 0.10813134]
614a234184cf7d88ebe4a02e35ce4b64.jpg,[0.23978522 0.18787262 0.14704812 0.08792873 0.21966596 0.11769937]
618dd8fd82f20304cd06b411c24b3fd9.jpg,[0.22344232 0.23158948 0.1079639  0.0860486  0.24151592 0.1094398 ]
62191492a0bbd9aac2916a132a17a317.jpg,[0.24148774 0.18886575 0.13335598 0.08459766 0.23424806 0.11744482]
621de7964d70f959e13525a1596255b8.jpg,[0.25051942 0.21604644 0.1206278  0.07749235 0.22790693 0.10740705]
629ef5b2d645f26d9c9a0aa844ae7c2e.jpg,[0.20141731 0.23273975 0.11810669 0.09836897 0.2341067  0.11526055]
62e42d9ddc435823bba6a60754c9b2ec.jpg,[0.24137974 0.1890909  0.13297862 0.08031271 0.23402582 0.12221227]
63b12793caf9132ffe45e9511423d984.jpg,[0.2477301  0.19617379 0.11296046 0.06604997 0.27413976 0.10294589]
63ed9e014cb9713dd29bb70d70feef88.jpg,[0.20960806 0.25984403 0.1183202  0.07229846 0.23879877 0.10113054]
647c6cf68871fde40532dbfc020333e3.jpg,[0.22372209 0.18308896 0.1510658  0.09731186 0.20980848 0.13500282]
6484281619db411f3fcf9966af61fd79.jpg,[0.2463088  0.1921712  0.12393697 0.06092946 0.2747302  0.10192324]
656ed41dacde63aade292c7b2a6923e8.jpg,[0.21428812 0.20395853 0.13853438 0.10191817 0.21725456 0.12404623]
65880ff0ae737f04f9a5fd32838dc6df.jpg,[0.23191036 0.19518957 0.13507402 0.09687199 0.21395461 0.12699944]
65c14afd4c2ebac14f5ed36a44fff6f4.jpg,[0.21152    0.17120212 0.15659551 0.11267094 0.20710927 0.14090218]
65e3b01df9f0b0bc7eda9d99cc47c041.jpg,[0.2517542  0.19419236 0.13089287 0.08167539 0.22893731 0.11254782]
67127cfc816be9edd786c61cc871e993.jpg,[0.27338105 0.18903132 0.12080058 0.06466559 0.24618623 0.10593522]
67af650756df9aad52f7c6033ddbee15.jpg,[0.23392765 0.20332132 0.1264199  0.09315805 0.22307654 0.12009653]
67ccb31f224e9763791abfc22cdc2986.jpg,[0.24596775 0.19597125 0.1221991  0.07467062 0.25900954 0.10218178]
67e60c3eaf4c8960fef528a68c79e2da.jpg,[0.20912555 0.20407544 0.12820952 0.1045523  0.23699546 0.11704169]
6818e9ab751d856f7fc5a7f76c6b9b71.jpg,[0.21648166 0.20822282 0.12570399 0.09853473 0.22525588 0.12580094]
68ea94c3fdd1e25f5c7b8ef1bef5abe7.jpg,[0.21378206 0.21327162 0.11898816 0.09599318 0.24069807 0.1172669 ]
6904d3565cb24bf7befedd03f7de9cae.jpg,[0.25152728 0.18800649 0.11218026 0.06539706 0.28005892 0.10282993]
69b9b53f544f1f1475bb2f385d47eac3.jpg,[0.19454595 0.21283212 0.1324921  0.10541617 0.24278465 0.1119289 ]
69de8d618cbe1729ee853999a3206cba.jpg,[0.23252048 0.17316249 0.14490564 0.08288708 0.24556485 0.12095951]
69fb149c78d603df95339528f76c745d.jpg,[0.25613514 0.19654202 0.11630911 0.06802411 0.25793076 0.1050588 ]
69fb97aed6984784c14f8842a9eba1a8.jpg,[0.21212973 0.20083125 0.12788816 0.08356369 0.26334926 0.11223787]
6b9b254b2ca92f147082b549109deb29.jpg,[0.18899478 0.20086986 0.14203858 0.1158025  0.21684062 0.13545369]
6bb937510458b4b499c73385d8fc297c.jpg,[0.23383176 0.18171954 0.12972905 0.08094122 0.256674   0.11710437]
6c339615a2805b5087597085d9155a91.jpg,[0.21504204 0.1984024  0.1408901  0.08904404 0.23712865 0.11949275]
6c440e56184c3517ec0d57e5cb5607ea.jpg,[0.21814093 0.2084274  0.12844464 0.10544728 0.21992214 0.1196176 ]
6c58fac68820ac2239deb1c7c3ef912a.jpg,[0.21644276 0.19339964 0.13991256 0.094921   0.23451538 0.12080856]
6c80b50e040d862f112efc4175c07afc.jpg,[0.22025128 0.19536053 0.15271656 0.09048647 0.20825817 0.13292702]
6c91cdb7e7b030f24f990f6faa7a2230.jpg,[0.21881177 0.19934574 0.13747765 0.09573118 0.22610071 0.1225329 ]
6cd092278c79ddcd92305848e17f6b5f.jpg,[0.2331223  0.20094858 0.1373753  0.08278931 0.23520471 0.11055986]
6d060f230447aaddc9149f717e6df468.jpg,[0.22239758 0.2278576  0.11879612 0.08480941 0.2441536  0.10198565]
6d5fd2ddb2dfe20310622db4872b551b.jpg,[0.19910125 0.2080253  0.12975474 0.09076045 0.25171366 0.12064459]
6dc6e6ca9ee6c3eb810bed006ebbf22e.jpg,[0.22460364 0.20898883 0.12797146 0.08424061 0.23990026 0.11429518]
6df8736b2659d94ed07f6105c163be7e.jpg,[0.24576807 0.18838327 0.11870494 0.08068781 0.2531508  0.11330508]
6e8ff5b0a36ef24946b319404e02681f.jpg,[0.24385877 0.20659119 0.1227307  0.07558819 0.23991899 0.11131219]
6ee3ff10b374f638b3cde28db5666684.jpg,[0.22635995 0.19299309 0.13668855 0.10085598 0.21807101 0.12503144]
6f0829f506db76cc9c8485a74ec90e65.jpg,[0.26155186 0.18990517 0.1409055  0.080485   0.21052918 0.11662334]
6f46d15e295d3afabd220a3f36374fdf.jpg,[0.22888167 0.207783   0.11832671 0.08056294 0.25559697 0.1088487 ]
6facb9a71ed317ad72ecc42cb6c83449.jpg,[0.2358102  0.19543253 0.12852284 0.08363203 0.24034584 0.11625659]
6fe4b4a46c8162a2665aff6bfe988e98.jpg,[0.26446015 0.20688018 0.11671379 0.06698143 0.24206373 0.10290073]
7111302c0d74cc551c9b37633532b09c.jpg,[0.22038844 0.2009116  0.12903179 0.07987686 0.25981107 0.10998029]
711b641a536e2bdccae225691bd56738.jpg,[0.19258429 0.20921081 0.13794643 0.10367631 0.22921433 0.12736781]
71365735e27eebb1d74a03eb57026603.jpg,[0.22393326 0.20526546 0.13125739 0.09898809 0.21676292 0.12379292]
71f73c4234e5361e1d1b2e59fb3a24cd.jpg,[0.23192258 0.19032812 0.1518494  0.0911527  0.2143872  0.12036009]
72954f1da516e9a0c97f69ab74987ee2.jpg,[0.246934   0.19582629 0.12247046 0.07722797 0.24716593 0.11037531]
72cd4ef51a1d33c83a7b113fda63e407.jpg,[0.20308483 0.20270047 0.12552132 0.08573507 0.2684987  0.1144596 ]
732f4c8e8234af340e4dc70a801bccbc.jpg,[0.22184435 0.20152794 0.13423486 0.08912355 0.22911622 0.12415309]
735c238b2c93f257f63017e942dc3b62.jpg,[0.21817005 0.19939956 0.13147213 0.09121127 0.2504158  0.10933124]
73727105985ac332b858d1dfe059ef9e.jpg,[0.21764344 0.20958443 0.12284302 0.07700302 0.26608616 0.10683993]
73f33c20b51ec3cf38ff780cea5ca427.jpg,[0.20356388 0.19398668 0.13143736 0.09349399 0.25639644 0.12112167]
742cd45c52ee2d9a4745b27e1c5426a3.jpg,[0.24036515 0.22756723 0.11935163 0.07550889 0.2280795  0.10912754]
74417f4de724e5ee073ea87592726aaa.jpg,[0.22913356 0.19618714 0.13112912 0.07681264 0.26172313 0.10501447]
7502057cfbf0fbbf1e7bdb7961492a51.jpg,[0.18908836 0.20785199 0.14485617 0.12470653 0.19579409 0.13770285]
75614e5c1b683734ce9c409c18a1aa25.jpg,[0.21401301 0.19612871 0.12491716 0.08263454 0.26959547 0.11271108]
75b1c253e5a23c9b2a0ad2efc3fc7d97.jpg,[0.23131648 0.21736716 0.13918698 0.09498045 0.19391978 0.12322917]
75ccf1548927acef71f9c5624c7e5ade.jpg,[0.22989263 0.21126445 0.11529518 0.0708653  0.27235106 0.10033137]
762c6a202c8d1406a7dba53cef86e971.jpg,[0.21930522 0.1947853  0.12866898 0.08554389 0.2546776  0.11701907]
7686759b52d8b35511c4c1ba5f992d17.jpg,[0.2308652  0.22240333 0.11812213 0.07838841 0.24184114 0.10837978]
76a85ad20703e4f0531877a1b0062a63.jpg,[0.24673516 0.18733838 0.11627869 0.06773815 0.28045022 0.10145941]
76ce2fdb29391eb158c0d96484586e2f.jpg,[0.19368699 0.22009844 0.13357781 0.12164775 0.20574865 0.12524034]
76de247762d978e6d201e1f1470d3ed8.jpg,[0.19666252 0.2593796  0.12343995 0.07717939 0.24391514 0.09942344]
76eeae98a94aad316180457822e21bd5.jpg,[0.2617161  0.20895946 0.13716158 0.06910109 0.212502   0.1105598 ]
7721f2b11c38742245232a25d576abe7.jpg,[0.23885737 0.20886593 0.1227732  0.08870713 0.22729321 0.11350321]
772c257c9a37357eec811b923109fcb4.jpg,[0.23313373 0.2203688  0.12335386 0.07818028 0.24270707 0.10225626]
7764af8cf4be8f19dc21dece2f77bd4d.jpg,[0.22327974 0.2178192  0.11325004 0.08106374 0.25924432 0.10534296]
77f4af2856147733874ee82cd76ca5a8.jpg,[0.23198724 0.18633334 0.13353716 0.08367094 0.24414882 0.12032244]
78a014240f97e09cec39d0cb19ff9ce7.jpg,[0.24007644 0.1953347  0.11927801 0.06802894 0.27485794 0.10242401]
78b3216a5021cbdd7fb154ed0bb05c3e.jpg,[0.22497596 0.20011692 0.1404631  0.07851017 0.2356205  0.12031337]
78c7cda4426cba830721ca64d8b57c2f.jpg,[0.25889432 0.21482919 0.11943723 0.06801014 0.22942816 0.10940098]
7925fef68ecc7caf11af042ea078e2ea.jpg,[0.22565879 0.1846706  0.12436232 0.07315451 0.28541833 0.1067355 ]
798d7ed914181f0f61f1e84de6ae7bab.jpg,[0.19790964 0.22850595 0.12629397 0.10665953 0.22387542 0.11675546]
7992e5bbeeeb2252cc97992e59946053.jpg,[0.2135823  0.2087755  0.13086852 0.08993269 0.238519   0.11832192]
79f05451df5761cd55e45809492d7f69.jpg,[0.25256515 0.23588465 0.10517025 0.05321063 0.27344838 0.07972096]
7b3db4571ccef9f56eb36fe5420c79b1.jpg,[0.23999529 0.20924532 0.13314685 0.08919615 0.21123636 0.11718012]
7b66a679b5d6517a34dff972e3a1ad68.jpg,[0.26472527 0.2045541  0.12722407 0.06069658 0.24714382 0.09565613]
7b6896bb19c3ee662e6993533176a8b0.jpg,[0.22761226 0.20489447 0.11239026 0.07708364 0.2731507  0.10486864]
7bc244940958b05796d7f8e345411074.jpg,[0.21918447 0.21487822 0.1320542  0.09989117 0.214765   0.11922693]
7bd0047f383776d7ac2699ec93a636fc.jpg,[0.26012653 0.20730889 0.1189936  0.06667768 0.2415649  0.10532838]
7cb4682b98a4c562b38da13297a50107.jpg,[0.20614764 0.20120747 0.12825692 0.09261729 0.2470568  0.12471388]
7cc387666202f9ed3e4db730d6fde10c.jpg,[0.24616122 0.19590318 0.12183478 0.07097683 0.26106268 0.10406133]
7cf096e35083fbe263185588b8fdf996.jpg,[0.21571687 0.20722726 0.11489854 0.08281699 0.27424163 0.10509872]
7cf4087ef539199e3386cf07167e638c.jpg,[0.19005843 0.22041743 0.11929569 0.07609094 0.29695788 0.0971797 ]
7d0c3f9a61fafe04e04adde03de9ddef.jpg,[0.2262111  0.17302601 0.1549164  0.1126508  0.18357457 0.14962107]
7d2f466b16612ad0e0684013e1c38512.jpg,[0.2054039  0.19371963 0.13713023 0.1049898  0.23070596 0.12805049]
7d82a185cfd45d4aff897306acd6691e.jpg,[0.255825   0.20029412 0.12123713 0.06716657 0.2490927  0.10638444]
7dd053f2737cf4e19b62513a433a5635.jpg,[0.26053506 0.19715461 0.12260333 0.07255138 0.23861612 0.10853948]
7e8c323b76b2997942f5bca4d1575fa7.jpg,[0.22854151 0.18529475 0.13310921 0.09875099 0.23544517 0.1188584 ]
7ee59e5d37c026fcd0874b4a14e37724.jpg,[0.18851006 0.20194738 0.14746737 0.10979538 0.22073555 0.13154429]
7f0bd6ab5b2233902d0275c8d6633aef.jpg,[0.24143475 0.20734829 0.12929784 0.0947938  0.20796882 0.11915652]
7f97f171799473125c6a1eec3cbdc58a.jpg,[0.25173375 0.19789773 0.11379942 0.06907757 0.25984833 0.10764319]
80acdcc89c0436c6b7a6ae31bdb25b05.jpg,[0.2011259  0.21636103 0.12998396 0.09878736 0.2370287  0.11671305]
80db1dd31d89cb4c0f0a228d49470f88.jpg,[0.2487675  0.20405559 0.12251881 0.06667196 0.24575683 0.11222938]
81954eb49f82773ef2d19e0cb72d20fe.jpg,[0.22651297 0.19792195 0.13671982 0.09617873 0.208383   0.13428347]
81a3aaa298e70c6814197f5774e1a090.jpg,[0.22231854 0.19307773 0.13510938 0.09493022 0.22212066 0.13244344]
81def953c8ba1b3e084582f11972e135.jpg,[0.24956998 0.2086149  0.12553842 0.07630706 0.22864577 0.11132389]
824fb3ab473e786233b41fd5f3bb566c.jpg,[0.19892181 0.20709218 0.13463834 0.09139875 0.24363485 0.12431404]
82689f579b379887337fbcc543d6e34e.jpg,[0.2254816  0.1923235  0.12600043 0.07396353 0.26975444 0.11247651]
8295f809033f3b185af971e4125dc738.jpg,[0.24566536 0.18984444 0.12081467 0.06562874 0.2716819  0.10636488]
82c6c63516eb009e89e4e30ac071188a.jpg,[0.25267208 0.21332395 0.11566915 0.0647321  0.25427285 0.0993298 ]
82de8508dcc79d2811dc7e2a9115d3a6.jpg,[0.23578757 0.19068374 0.12867737 0.07816124 0.24911353 0.11757654]
83a92ceddbb0f04327d401ba3d35b868.jpg,[0.23916006 0.23959814 0.11347753 0.05601671 0.2634849  0.08826257]
83c05b69e464e6683bba4c4a9bc4c1c9.jpg,[0.22622976 0.19136712 0.12926789 0.08038476 0.2595188  0.11323164]
84a332ff1a1a2903486619a3b3022f2e.jpg,[0.23984627 0.18630661 0.1359145  0.08476137 0.22718571 0.12598558]
84e0e4642618f0e27c3ae92e6b98cb2d.jpg,[0.25048414 0.21116222 0.12071694 0.08686323 0.2182336  0.11253983]
8557170a38b800a573534ea147c07c0a.jpg,[0.254227   0.21509764 0.12220176 0.07113925 0.23417422 0.10316011]
85a9c107384a52dc4d119ed7b5a3d040.jpg,[0.20721172 0.23430075 0.11094617 0.07368449 0.27785724 0.09599972]
85aa8b6646f01414be300769848c7698.jpg,[0.2654194  0.17887361 0.12847662 0.06754273 0.25256118 0.10712642]
85bbd898dc2f1f7a68883bd42d994bc8.jpg,[0.20063622 0.22171798 0.1144008  0.09105996 0.26530376 0.10688124]
861cf06504f9e289786d5250f09af895.jpg,[0.18674795 0.17303663 0.1492613  0.1272756  0.20981772 0.15386088]
863331c93c8957ac01d8ed8e18115682.jpg,[0.21060587 0.21702705 0.11544377 0.07930669 0.2730714  0.10454517]
86560f840119e1d38798329780442800.jpg,[0.22012885 0.20068403 0.12769282 0.08272047 0.26040757 0.10836627]
869ea571b5a8d54ce5bb089bea9bbdf3.jpg,[0.25991377 0.21119165 0.11083175 0.07661841 0.23577492 0.10566957]
874aa53f3d2e32e9e40556f73aa67d63.jpg,[0.2100337  0.20217139 0.14935711 0.11325701 0.19544727 0.12973349]
877884271f316aea1ab1c9bc27d91b08.jpg,[0.22803573 0.19947647 0.13105595 0.09553075 0.22630654 0.11959459]
878d5ae5ab9997ec46af39ffcc98ff6e.jpg,[0.21474881 0.21611191 0.12878433 0.08816475 0.23757952 0.1146106 ]
87e8d6b8bf8d6ca12da20720d07f9dc1.jpg,[0.21817519 0.20009206 0.12112074 0.07689583 0.2731168  0.11059929]
883b096d799b06e068904424dcd0fcc4.jpg,[0.2091562  0.21960594 0.11521999 0.08370517 0.26984957 0.10246308]
897f332ab2111da3daa45378110473db.jpg,[0.21614078 0.21210672 0.11963563 0.08269708 0.26107198 0.10834785]
8a76cb9498fd39cc12cec5f402e354c7.jpg,[0.21770692 0.17850663 0.1530152  0.10919901 0.20377055 0.13780174]
8a782100e741f61df1c38b4ba5e8e12a.jpg,[0.2274714  0.1840156  0.13485219 0.07620689 0.26330656 0.11414744]
8b775186b46913c0fae628ffebd5b831.jpg,[0.22806217 0.20637009 0.1505566  0.09659093 0.19383192 0.12458823]
8baa451ee4b9b1e16096cf483ef914b6.jpg,[0.2576298  0.18620615 0.12481198 0.06742427 0.2595166  0.10441119]
8bd990d8eb399dd7a958b9e395d83789.jpg,[0.20199828 0.21721639 0.13194956 0.09500872 0.23211381 0.12171327]
8c2fa13f754c0ee15c80710fbadf262c.jpg,[0.18666862 0.19928841 0.12055182 0.0820351  0.2972278  0.11422827]
8cebf3cd4f8e4f42b2fdf30400b9f42d.jpg,[0.26526257 0.19951421 0.12142232 0.07207346 0.2338239  0.10790359]
8d4ac6cc8ea2fcc0d9496dcf6ef9f0b6.jpg,[0.2597097  0.18561988 0.12004953 0.06520804 0.2653692  0.10404363]
8d6e3e7d9345659edcf433bb403ea94f.jpg,[0.26185033 0.18993968 0.1360595  0.0795827  0.2155463  0.11702151]
8d7b477c71b3f06cecd033a28b15c5bc.jpg,[0.26483706 0.20650373 0.12121046 0.07112683 0.22742826 0.1088936 ]
8d9ba188b35643f31605261073f57ec6.jpg,[0.2609978  0.19947293 0.13076122 0.06632303 0.23812766 0.10431731]
8e745128f4044953130c726fbd90c668.jpg,[0.18041267 0.21166931 0.1372241  0.09970135 0.25648907 0.11450348]
8e7a2667966d4d0e82526c7130be0374.jpg,[0.20679006 0.19935116 0.12813826 0.12293989 0.21067457 0.13210611]
8ebfec103ad663507165d1eb579b1216.jpg,[0.21004707 0.18768485 0.14084281 0.07431304 0.2584233  0.12868893]
8ec6ae5b178c9b482dcbe1ca977be39b.jpg,[0.2454784  0.20117106 0.13704081 0.08027168 0.2164214  0.11961658]
8f0f32b4284f4a8b5f19eb06d7623ba0.jpg,[0.21599233 0.2466239  0.12369909 0.07350303 0.23543088 0.10475074]
8f53e17f4228050ccaee86bb6720a7e7.jpg,[0.25599432 0.18144603 0.12236897 0.06648483 0.26913333 0.10457248]
90ed9ffa8dfffb583c50f9eea5dd40ab.jpg,[0.2510792  0.19284713 0.12369876 0.07344787 0.2502764  0.10865064]
9378110196ded873c3277177771a85c2.jpg,[0.27058625 0.17604469 0.12063691 0.06260358 0.26424816 0.10588036]
938075ea4a7f6f5c6c119507dacb3c69.jpg,[0.17605093 0.22319096 0.12303839 0.08566866 0.28795803 0.10409296]
93a1d845e8e87a721c23f42e3f2becee.jpg,[0.23561372 0.21717876 0.12385248 0.087518   0.22694129 0.10889569]
93efa0b7a28de40c1e6b105b67546f94.jpg,[0.21556619 0.19205616 0.13477509 0.09783349 0.23397912 0.12578997]
9400212f334671a763b463d0b352485d.jpg,[0.19584015 0.23625788 0.12879899 0.10243727 0.22484371 0.11182205]
94546b94ea095deadd512e900b1eb499.jpg,[0.22457351 0.22728832 0.11929783 0.07481444 0.2527366  0.10128929]
946d987a130a03264c32f43a5b63c9d7.jpg,[0.2315117  0.19621578 0.12579218 0.09249984 0.22929092 0.12468959]
94d0bd6ca461394c8bb751158679402e.jpg,[0.21237102 0.19454446 0.1387093  0.10266928 0.22478306 0.12692286]
94f79d2d741b08fff5b7ca5aabd63e94.jpg,[0.21971868 0.19538727 0.14626077 0.11183331 0.20106927 0.12573072]
955bc42774d293b45f2335ce7f426f6b.jpg,[0.25285593 0.18554579 0.11973039 0.06501962 0.2697085  0.10713974]
95ecb993d5fef20aaf771493e2003c17.jpg,[0.22018856 0.19038585 0.1283707  0.08277213 0.26101992 0.1172629 ]
96478704a0afbe5128f25777a331cddb.jpg,[0.24462608 0.19867696 0.13185465 0.08883046 0.21947676 0.11653516]
966af41087dd1abb9cbbac0db29d4163.jpg,[0.18847154 0.22471578 0.12279847 0.11703148 0.22396453 0.12301815]
96d388eba7cc5b10642b25fa49eb1ed1.jpg,[0.23413104 0.23018776 0.10990392 0.07682975 0.24390364 0.10504392]
96dfb26879710a8f2557de09541055ae.jpg,[0.24490699 0.19359805 0.12856548 0.0830511  0.22882357 0.12105487]
96ec4a4496b16b9f257ecfb5376e3a9a.jpg,[0.21512748 0.19776933 0.13177322 0.10667892 0.2173338  0.1313173 ]
971089458153fe672d7ca2f17282fd95.jpg,[0.21424836 0.20843835 0.11685294 0.09838293 0.23639819 0.12567917]
976b424d22e4cc8dc5239b6e27e403eb.jpg,[0.19911739 0.20153272 0.13224809 0.09159192 0.25737533 0.1181346 ]
97b7664b620def7314ca37d16ccadf19.jpg,[0.21324277 0.20822135 0.122691   0.09964094 0.23746519 0.1187387 ]
97f6d28989a654d20df9aa8b75964430.jpg,[0.2451554  0.1964531  0.11941854 0.07601982 0.25308537 0.10986785]
985548459d479c1386561dadf324ec15.jpg,[0.25971618 0.20305426 0.11771695 0.06951929 0.24562456 0.10436875]
985ac48316a9f654ed686e13dbd45348.jpg,[0.22700399 0.22241941 0.1210343  0.08407938 0.23505126 0.11041164]
98e8e9073ed2067b6140c71381cf7fd8.jpg,[0.21369661 0.19660395 0.13566802 0.09498394 0.23642991 0.12261759]
994551ac68f95b0cbcc1d37dd8071cef.jpg,[0.19755484 0.205063   0.14241868 0.10403254 0.22316407 0.12776688]
998b3141b2542087a1bf8ba9f753ac72.jpg,[0.20802626 0.20139466 0.12763658 0.09760411 0.24454735 0.12079091]
999e1dc5a85dc38fe47cd88e6d2baea7.jpg,[0.24084464 0.17682254 0.14734787 0.10283139 0.19730617 0.13484743]
9a3490d61434ea02ed842dd47d308e81.jpg,[0.26564583 0.17784412 0.14035177 0.08393784 0.2166269  0.11559346]
9a514debb4f07818abc4e3846b69aeef.jpg,[0.23852687 0.20606072 0.12344116 0.0861764  0.2277387  0.11805621]
9a93da37850522cdd6838730edfe7394.jpg,[0.19827017 0.21282569 0.12743276 0.08522329 0.2674762  0.10877189]
9ac4ba9b5478d21a3365726f76ff9d47.jpg,[0.27446127 0.20583332 0.12203397 0.06587029 0.22024897 0.11155224]
9add88ef351325640c6f1fa4850503c0.jpg,[0.23628742 0.20902237 0.11729468 0.07367757 0.25695217 0.10676582]
9b48087d0df717972ea006f1e5c8786a.jpg,[0.2049766  0.20543371 0.134926   0.1076816  0.21807276 0.12890936]
9b6d01e1f61c72eed71134ca84f8f445.jpg,[0.26694873 0.20025587 0.11568276 0.06451548 0.24795882 0.10463833]
9c9b3733726779db49028855e30330ea.jpg,[0.24490115 0.20953625 0.11260193 0.05952688 0.27409583 0.09933788]
9cefb5795805cc0fac874c6104c6f007.jpg,[0.22041047 0.2242663  0.11591465 0.08080579 0.2551337  0.10346912]
9d1cb699bc9d38d6fb14e9c83af043f5.jpg,[0.19613682 0.20663765 0.11718158 0.07415506 0.30233532 0.10355355]
9d1f7a598b52b668cb8addc5bda08ecb.jpg,[0.23548102 0.18950756 0.1256205  0.0762485  0.25877893 0.11436356]
9deb25eca04a050e23d9d2555f9e56ce.jpg,[0.21350235 0.2191624  0.12464651 0.08214045 0.24944998 0.11109834]
9e5e9d2bd8d45e9ebe496104ba057448.jpg,[0.21624199 0.20822625 0.12638485 0.09776895 0.22981526 0.12156267]
9f15c8da1d92e4038b04f19e964596b0.jpg,[0.21166064 0.20654781 0.13425137 0.09705888 0.23261209 0.11786918]
9f218f251abd47d094bb73ee6cc658a4.jpg,[0.23660305 0.22948515 0.12175871 0.07489241 0.2326896  0.1045711 ]
9f512c68765be0b4e921ee40888953bd.jpg,[0.19092257 0.21843351 0.1240173  0.09828331 0.250732   0.11761126]
9ff36107096a6ef28088dd29804e2576.jpg,[0.2534072  0.19106707 0.12888603 0.06690852 0.24960726 0.11012386]
a0c802df3323410a1c39919428ee8e64.jpg,[0.19937311 0.21611166 0.12638228 0.09363852 0.24492043 0.11957408]
a11bc746a2e5ad0cf6bfbb09fa53680f.jpg,[0.19596659 0.20386927 0.13615438 0.11928642 0.22423404 0.12048931]
a155b5c3817a6b1b7fba8e27e225dd9d.jpg,[0.21344268 0.18492837 0.13324644 0.08787356 0.26802146 0.11248747]
a172cf46e0aceb9b86d17a8b3b477110.jpg,[0.20047857 0.2077336  0.12362433 0.10517716 0.24014036 0.12284604]
a18c3fb15cefdd2468459418f37e8f87.jpg,[0.2338241  0.20648587 0.12206914 0.09440028 0.22781368 0.11540699]
a221b5a55fd7813a3943dd6504fe0f0d.jpg,[0.21874627 0.21431616 0.11562575 0.07864148 0.26466393 0.10800646]
a2326c868946a32c037c5b0caecee371.jpg,[0.22116081 0.20874852 0.12084769 0.07961521 0.2590333  0.11059447]
a2a3d06998c2dd28d36fa9b9c35aece8.jpg,[0.23718885 0.18969026 0.1269954  0.08699215 0.24043967 0.11869363]
a2bfeec11980bd174e73424f9e34bff9.jpg,[0.22788537 0.18710835 0.13324176 0.0852199  0.25024858 0.11629602]
a3140bc8ef7206ba629ffb81699fecb3.jpg,[0.23225908 0.19609343 0.1388728  0.09366612 0.22084685 0.11826172]
a32a699e07edd854c7c54f69568d2aea.jpg,[0.23622057 0.19642946 0.13461237 0.08285829 0.23391302 0.11596633]
a388d3d3e54a7df19f83e6714309bc72.jpg,[0.22086556 0.20262066 0.12146287 0.06798296 0.28541803 0.10164995]
a3958be4ffd6985efbd67b98728a3dd0.jpg,[0.2180231  0.20275936 0.12862627 0.10482613 0.22385643 0.12190866]
a51e977704f90b4b5d652e4eeac45502.jpg,[0.23474078 0.19009249 0.11807907 0.07116874 0.28030807 0.10561085]
a560f24081c37b6a5a2f9d55595a75dd.jpg,[0.24515423 0.21896382 0.11983974 0.06768789 0.24666323 0.10169099]
a595550a2a5685382d22b79ee6d887ce.jpg,[0.23454985 0.18794401 0.14534211 0.10279737 0.19354841 0.13581817]
a5b9e59e353a5b758558e1d4ae201060.jpg,[0.21939063 0.2125382  0.12032628 0.11394797 0.21449713 0.1192998 ]
a5d22b17d978a0a4ea8127b03e3900ab.jpg,[0.26477224 0.2091673  0.1165205  0.0668014  0.23815645 0.10458213]
a607ce8f8d5aa37e3db4fc3cea8349aa.jpg,[0.21070048 0.21537194 0.12062576 0.08375876 0.2599256  0.1096175 ]
a61f314132bd9a342c0749ffd704bf53.jpg,[0.23867777 0.18983418 0.12883438 0.07190121 0.26190725 0.10884528]
a65c320fb3e38968ca629ac39e9c8d07.jpg,[0.23694934 0.21285313 0.1199272  0.08063187 0.24397011 0.10566838]
a66051ac1f01b650f6c11c66eaf7ffe8.jpg,[0.19444926 0.18808289 0.1462369  0.13771243 0.1864888  0.14702973]
a703d5e8d50dbc194efc05d158212825.jpg,[0.20768036 0.21404617 0.12123374 0.09100366 0.25578746 0.11024864]
a716966469c19b56ed3fc3d186e97f20.jpg,[0.23426737 0.21228215 0.11939216 0.06614884 0.26828665 0.09962283]
a74fe3d9c6e3f380f61f39d3b090827a.jpg,[0.20624661 0.23073559 0.12727536 0.09923252 0.2157826  0.12072732]
a77f12b82896dd4e64246625ba7b02f6.jpg,[0.25305524 0.18992043 0.11547494 0.06477202 0.27536714 0.10141022]
a79cf5059515966f6010a47e00ca41ef.jpg,[0.24573039 0.18337122 0.13375664 0.09075689 0.22515048 0.12123445]
a7d634edecbdac73207d5d8d0bc65853.jpg,[0.21214572 0.21005398 0.12492574 0.09081876 0.24542336 0.11663248]
a8cb73e96b8e28b1c6c27eaf43a25f79.jpg,[0.2303707  0.18660699 0.13674878 0.09768505 0.22089311 0.12769538]
a8e04a4615d9065e53064ffabeaa7155.jpg,[0.21566296 0.2273571  0.11403009 0.07689742 0.26571128 0.10034115]
a90bc2c661d5ce65deb8f9925c66e979.jpg,[0.20109802 0.20071384 0.13694765 0.10573523 0.22884561 0.12665962]
a99bc5e78167d9091516a1e51aef0ee2.jpg,[0.23771843 0.19428618 0.12420113 0.06671736 0.2717578  0.10531909]
aa5892aa6b03dc7db1cfeeaa2d795d5f.jpg,[0.23785025 0.20255059 0.11805651 0.07662056 0.2561519  0.10877015]
aa8341f7de1cd4c280d4dade77091db3.jpg,[0.21023998 0.20790581 0.13945419 0.10305539 0.21263167 0.1267129 ]
aa83e0074dd60e8f184e03f4fef09da2.jpg,[0.24551359 0.20554611 0.12456945 0.08430286 0.22156851 0.11849947]
aafffdbcdaaf72f1932c2f90a86ce295.jpg,[0.19607985 0.19604762 0.1344639  0.09693072 0.25702462 0.11945321]
ab5e6144a1e2826f1eea27d5fe309724.jpg,[0.19297177 0.20768051 0.1433653  0.10485816 0.22063029 0.13049398]
abeba1c0a0083f3d53348f5fdc441305.jpg,[0.23976837 0.20143434 0.1376057  0.08197137 0.21885534 0.12036489]
abf9d524764d9e500b1bbcfc765dc717.jpg,[0.21186113 0.23474874 0.12342346 0.08147059 0.24641143 0.10208458]
ac2df91afc1bd5f381d5e42f8a5b051b.jpg,[0.20155093 0.20515633 0.14096096 0.0973039  0.23517306 0.11985482]
ade59f7942beade4bcd40c7670c7a80c.jpg,[0.19844139 0.2204185  0.12394452 0.09281807 0.24629654 0.11808087]
af15d5019f1a6f35199d8e15fbad1c33.jpg,[0.21570492 0.19468346 0.13751613 0.10030335 0.23095012 0.12084202]
af2809098944b429fe0cf9efda3ec951.jpg,[0.19521202 0.20120673 0.13989447 0.11632006 0.21248154 0.13488513]
b03fbe82f36fb6ce7f6315262da433fc.jpg,[0.23443821 0.21382742 0.11946535 0.08240467 0.24184777 0.10801654]
b12e155f3166a2a130484a3e650b19b8.jpg,[0.19954392 0.19170634 0.13538022 0.09732328 0.25248915 0.12355703]
b1f4447019afba87f7fb6323cb5f45c9.jpg,[0.21213767 0.20509823 0.13480864 0.08911341 0.23406544 0.12477663]
b233f70c558862a5e0be8188d224a022.jpg,[0.24675311 0.1951913  0.12148035 0.07545123 0.24785611 0.11326792]
b23963656cd03cd0643d4ede6bc62891.jpg,[0.20025377 0.20228195 0.13188322 0.09172674 0.25943035 0.11442393]
b2713d858e585f61b79f5661cb5f67ce.jpg,[0.24282373 0.21022405 0.12058803 0.08377982 0.23525128 0.10733307]
b271cc4120f2b42635df1cb1d2cd7c95.jpg,[0.21776181 0.18117188 0.1480226  0.08549856 0.2512532  0.11629198]
b2889299c241510de96217a5484b6575.jpg,[0.20297769 0.17851743 0.15183279 0.13777472 0.17830686 0.15059051]
b2969b2d5499ab937ff7b5febef64c7f.jpg,[0.22944349 0.20379543 0.12927526 0.08290172 0.24488969 0.10969442]
b36280d3d0db2fbada63efacad6e02a4.jpg,[0.24545795 0.18965061 0.13335042 0.08319832 0.23512799 0.11321476]
b394f258bdee46ab9f72b746a8948809.jpg,[0.26612666 0.19351016 0.11491596 0.06695848 0.25278273 0.10570598]
b3b66efa52fa20bb826dc1b1ccae777d.jpg,[0.21192925 0.23018366 0.11748224 0.11158498 0.21278411 0.11603575]
b403d33bc2b59033e41069760b4d4938.jpg,[0.19926943 0.19816175 0.14319582 0.09717134 0.23085964 0.13134196]
b427ae75df1fea2f81aa4a348e0c9f81.jpg,[0.23642008 0.19444565 0.12496388 0.0776737  0.2541273  0.11236942]
b4a39f097de281925552efe605a256ef.jpg,[0.19838434 0.20320113 0.13096613 0.08814013 0.26986024 0.10944805]
b510c7152a249e6729a705f0641372e1.jpg,[0.26005262 0.16910166 0.14825548 0.09238727 0.19961804 0.13058493]
b5196ed4ec65b2303ff535dea773f685.jpg,[0.2278717  0.1965895  0.1172969  0.06756514 0.28431523 0.1063616 ]
b552405eb02253df4160e35d90a6afe0.jpg,[0.20260759 0.21669552 0.13898718 0.09496881 0.2292483  0.11749262]
b58b6b7c0c2bb4de14602cb47e90d72e.jpg,[0.22183487 0.1850182  0.12317482 0.06634461 0.2972321  0.10639541]
b5e043ed0efd340a942c1b76fea90125.jpg,[0.21445441 0.21043614 0.12089584 0.07772995 0.27363992 0.10284378]
b5fd8595280baac7422b88028780cbdd.jpg,[0.23517373 0.20476605 0.13246624 0.07315996 0.24205308 0.11238088]
b60f9f877913f98498a3d79b3ca71410.jpg,[0.19488594 0.20709191 0.13511682 0.1043319  0.23499012 0.12358336]
b63fa5e0bf11064c9985d2c90ddcfe95.jpg,[0.2141141  0.19742514 0.13140732 0.09133469 0.24220166 0.12351701]
b67a62114d2ce72548d2d24071468f8e.jpg,[0.20771052 0.19779338 0.12637514 0.08167095 0.27605507 0.11039491]
b6936699ee562b33e0036e48df8cfc81.jpg,[0.22685832 0.19279642 0.13790861 0.09588807 0.2203634  0.12618521]
b70a006b425bb1ff1825f54a5a7413de.jpg,[0.22413294 0.19643135 0.13320413 0.09198981 0.22891873 0.12532292]
b86ce1f0b8b1e9b866e788c423060631.jpg,[0.23764469 0.20076497 0.12417128 0.08032395 0.24076724 0.11632781]
b995b8b546304ac0720fddd4045c0551.jpg,[0.20900391 0.22507815 0.12864861 0.09048773 0.22473802 0.12204353]
ba7158a16333830a7b9a5b73dcc39b86.jpg,[0.25878906 0.18869738 0.1150921  0.06756892 0.2635204  0.10633215]
ba7b64735b1263535edc1dc4dc96a09a.jpg,[0.23625742 0.17444262 0.1434699  0.10303049 0.20381726 0.13898231]
ba8a6b7bc6a347ad9550b2109e258468.jpg,[0.19344565 0.21639097 0.10846666 0.09056115 0.28303802 0.10809758]
baa7da43da3e9ed9611c8fe07c16324b.jpg,[0.23673704 0.19364618 0.1297381  0.06946375 0.26037496 0.11003991]
baa8804cba1645afaa05b37824e86da7.jpg,[0.22278887 0.18153927 0.15832816 0.09349603 0.20495278 0.1388949 ]
bafc03ace0914c5a94a03d9e595896e8.jpg,[0.23669499 0.21659824 0.12470727 0.08069688 0.22952107 0.11178154]
bafcdb576e3dc979642dc2e372c65cf6.jpg,[0.25649    0.18632062 0.11568481 0.06431409 0.2781661  0.09902439]
bc4187665fb33f7f590435155c95daf3.jpg,[0.2450791  0.17829813 0.14263207 0.07181724 0.25858113 0.10359234]
bcd0a801e277eed0b804c517d71248f3.jpg,[0.25210416 0.19939835 0.11410742 0.06539524 0.2685219  0.10047296]
bd9130392faa1863bf8690b409716660.jpg,[0.21461144 0.18644089 0.12697211 0.0774136  0.28072327 0.11383867]
bda0cd5720623bc0740594d2218c2829.jpg,[0.20398301 0.21578561 0.12563208 0.10007244 0.2409603  0.11356661]
bde3fcfbaed640f9fafc88e3501d4520.jpg,[0.21380584 0.21825491 0.12359747 0.08932422 0.24085188 0.11416569]
be551efb63b8206bea65416c487d1070.jpg,[0.20284757 0.19965532 0.13252428 0.09626037 0.24478722 0.12392528]
be6b0c05e4f39b1c37f1e73817205abc.jpg,[0.21086548 0.20322269 0.1285425  0.10075607 0.22892024 0.12769297]
be7dc45494528f559950bad3fce94f83.jpg,[0.24589728 0.20132676 0.11655768 0.07192025 0.26153216 0.1027659 ]
bf3a0f988826225e7a41c00f44a6d76e.jpg,[0.19292857 0.20271155 0.14494625 0.08763505 0.25027668 0.12150193]
bf5800adefe432dc72eba1be0fdc0b24.jpg,[0.24744755 0.18968204 0.11324485 0.06288015 0.2882056  0.09853978]
c075546b280e51c821d3a3c9f0a479ad.jpg,[0.21692728 0.2311733  0.12528451 0.09049949 0.21836929 0.11774611]
c0f2ed339dce3714e0c69571ba7870d0.jpg,[0.22852981 0.18079977 0.12482689 0.06927606 0.28548598 0.11108156]
c0f6930a039fe8ad8f959043002b1e57.jpg,[0.20850609 0.20074095 0.13822107 0.08539807 0.24173197 0.12540185]
c17d88d38b334481eb10e18a0949b3e6.jpg,[0.2370635  0.19599074 0.13142937 0.08277565 0.23906785 0.11367287]
c1cc9a8c68f79c6947a284e1ae64f125.jpg,[0.19860856 0.2202022  0.11950725 0.117428   0.22872798 0.11552605]
c1cd384fcae992cdc67d471121d59a0f.jpg,[0.23780555 0.2025751  0.12757514 0.07512344 0.25385153 0.10306925]
c22f13288f4e11ae96f5e5cfb8f91c35.jpg,[0.19897653 0.20473066 0.12841722 0.09366217 0.25666782 0.11754552]
c268a90223e77950b6791f7a89972fbc.jpg,[0.19614369 0.20652178 0.1365719  0.09894626 0.24158973 0.12022659]
c2b55f595fa61a5b6ba7ed874e6edf15.jpg,[0.23706603 0.17822397 0.13403173 0.08510283 0.23569416 0.12988128]
c3064b7c7fdb13f9f657abe934fb7a64.jpg,[0.18270181 0.21339658 0.14619419 0.09480546 0.24370965 0.11919231]
c378efb4c03b3efbe7ef3195c2590a9c.jpg,[0.20286284 0.21094611 0.13108103 0.09545286 0.23848352 0.12117363]
c3e1eec2d388e969f5da3c0441e5c056.jpg,[0.24679369 0.21677485 0.12684156 0.07865133 0.22044587 0.11049277]
c41b0594fba02bffb38f946e386a7b7e.jpg,[0.21498282 0.17709465 0.12566566 0.06732941 0.3096572  0.10527026]
c42b00a907f2a2411f9bcc980b8c325e.jpg,[0.23527913 0.20700972 0.13353316 0.07839933 0.23227705 0.11350159]
c4b93eb61b02cb1f39477fd4af13a1f1.jpg,[0.20944159 0.1920122  0.1351259  0.09276123 0.24891533 0.12174367]
c4e882f328f4d865ebab1cef55c2791a.jpg,[0.23476122 0.20870432 0.13366598 0.08294448 0.23384553 0.10607854]
c56a105ed8f3d126c4045293c010d6a8.jpg,[0.19020648 0.20484847 0.13006    0.09529515 0.26902455 0.11056547]
c622f18b43d1dd283b8a0756412ba20b.jpg,[0.2662667  0.19153263 0.10953888 0.06805579 0.26276752 0.10183842]
c63fa77471536a10da018978e27b872a.jpg,[0.21169628 0.20345089 0.12561816 0.08352295 0.2628728  0.11283895]
c64f35fbf4386b4cb50d696a8c4d0858.jpg,[0.24934489 0.20714676 0.12055846 0.06953618 0.24840903 0.10500471]
c69a0486ee19e39af63f63a8b5499da0.jpg,[0.24110042 0.20141684 0.11540855 0.06720409 0.27193478 0.10293528]
c6bc4db72883e6ca4e77895fa0573a10.jpg,[0.24355106 0.18765579 0.13563362 0.09619296 0.20790099 0.12906553]
c751606097c36eb6fc3f1ecb7716d0ca.jpg,[0.18256967 0.20853466 0.1306786  0.09330833 0.26014408 0.12476469]
c7c1ff60dc23cefeff1d0fdca767d07f.jpg,[0.23018537 0.17700094 0.1347534  0.07810058 0.26631948 0.11364017]
c8401523ad2a2511bc6dd0b4cbb9c072.jpg,[0.24470715 0.18640307 0.13296346 0.07692301 0.24066383 0.11833955]
c85b0b4146fbbbbbcf47a2d17bfd8ed7.jpg,[0.26009634 0.18889058 0.11295073 0.06493039 0.27296537 0.10016663]
c87b7893168d9cfd3599fab22e1ec486.jpg,[0.22497293 0.1998771  0.12642606 0.07181029 0.26263908 0.11427455]
c91d2012e7afa743e5dede0779dbeb21.jpg,[0.18715583 0.21268328 0.12646954 0.093147   0.27308565 0.10745868]
c933f290a956554774d6a6de9e84c0d3.jpg,[0.2127928  0.20059024 0.14270975 0.1240529  0.18634044 0.1335139 ]
c9388b2bb00b506657ac5780eeea1f6c.jpg,[0.19671804 0.23660877 0.12458725 0.07829376 0.25310817 0.11068399]
c948b07b08a87b630a1a50af08755c55.jpg,[0.25654802 0.20022807 0.11859767 0.06948304 0.2527027  0.10244052]
c966b4d75e8427eb559954b8a488b298.jpg,[0.23076507 0.21150897 0.12290351 0.08131535 0.24746008 0.106047  ]
ca405ad727186b6a74815b3417995ee7.jpg,[0.24294414 0.19132015 0.11839947 0.07641663 0.26448002 0.10643961]
ca60b4884e94712b2b6d652d38032924.jpg,[0.24572349 0.18525808 0.12636174 0.07186707 0.25263447 0.11815522]
cb0065c4872c64ef2cfa87863e53828d.jpg,[0.18659678 0.2141352  0.11759563 0.0916263  0.2836855  0.10636054]
cb16f3105f06ad453269dfc671c7435f.jpg,[0.21862899 0.19946307 0.13267572 0.08862003 0.23803627 0.12257592]
cb6d35fedd74f7396518a66a7fb3060d.jpg,[0.23895857 0.20274831 0.13030766 0.07692928 0.24396229 0.1070939 ]
cb7261613b6250066b06ba98754dacf4.jpg,[0.26851752 0.18553492 0.12060802 0.06472851 0.25507924 0.10553175]
cb7ae1aee8bc49cadbd498daa7c298e6.jpg,[0.2596177  0.1854711  0.1173871  0.06479453 0.2669668  0.10576281]
cbf0c4ecbf1d2fd4e8a0169354564c43.jpg,[0.23345782 0.19609073 0.15144756 0.09430946 0.2004155  0.12427896]
cc19d2f5deb7088c730a8fef7abacc47.jpg,[0.19357549 0.21457805 0.1172422  0.08442087 0.28395256 0.10623088]
cc22bb05097bd9fd75f54cb58011f29f.jpg,[0.25457004 0.18780255 0.12429243 0.07165444 0.24561316 0.11606734]
cc9d0ceb949c0097dedb2855e1192a27.jpg,[0.23221414 0.19369729 0.1278708  0.07607624 0.2594155  0.11072603]
cca74d20cc72ea2ed3fa3fd1b41d96ae.jpg,[0.23716319 0.2303961  0.12221286 0.08032037 0.2211519  0.10875563]
cd110eadca1ad844fd4d591d67cd6955.jpg,[0.2559769  0.19247442 0.11948504 0.07279205 0.25028747 0.1089841 ]
cdf4481018dbe25a9205f1d6eaf7c52d.jpg,[0.26545283 0.19364388 0.11289135 0.06665264 0.2557034  0.10565593]
cebd90a7ea390c9d94195cd57e72283d.jpg,[0.2509747  0.20653243 0.1274354  0.07227381 0.23050304 0.11228058]
ceeef3400052379222355e05d7f79f68.jpg,[0.20024957 0.23804152 0.10357877 0.10945127 0.24160047 0.10707846]
cf8060f362fc2a40794528b2ef92b811.jpg,[0.22565202 0.215846   0.12985303 0.08969019 0.22573648 0.11322227]
d075b7896cb1691d96968600f9d524d2.jpg,[0.20527059 0.19714995 0.1407651  0.10456982 0.22044283 0.13180174]
d10c9e4f43dfadf8ff3021592c2c74dd.jpg,[0.20442772 0.19878589 0.14368084 0.13455372 0.17634746 0.1422044 ]
d11b91b4b87b65f22a0deeac109f40f1.jpg,[0.24982661 0.19628353 0.11455239 0.06904067 0.26404995 0.10624687]
d183ba8e787d9ca3767c727301143d40.jpg,[0.20997795 0.19700898 0.14740586 0.10499948 0.21310411 0.12750371]
d1dc4517d878d2631a6cd224c6687468.jpg,[0.24855812 0.22231148 0.11474295 0.06912967 0.25126374 0.093994  ]
d285eb9918f8d2d83ee6f1e9bf94d98a.jpg,[0.2489448  0.18399361 0.11622909 0.06496301 0.28297108 0.10289835]
d2d85db198b6d9d126ab1ac0b00b402c.jpg,[0.22975466 0.21221258 0.12514538 0.08668067 0.22779085 0.11841591]
d33613a6f5b4b3545e21474f312a16ea.jpg,[0.24540755 0.20159784 0.11479212 0.07597178 0.25530118 0.10692955]
d3442c050dd87db8b926b449408d793a.jpg,[0.22567452 0.20448416 0.12827186 0.09449452 0.22628799 0.12078694]
d3c4704e376e6f50a25b5749b7e3c79d.jpg,[0.2679416  0.19313088 0.11519861 0.0643357  0.2582603  0.10113294]
d53b2bd91b3e2477d33bf8e32d19dd90.jpg,[0.2241813  0.19229265 0.13661674 0.09121028 0.23432766 0.1213714 ]
d5631a92c5bb65ac61a61f845d6f1eaa.jpg,[0.20458114 0.19752902 0.12377837 0.09148562 0.26900455 0.11362138]
d579aab9666b9a3944f006ab9e96ab24.jpg,[0.23393989 0.18551902 0.13308795 0.09512663 0.2301717  0.1221548 ]
d57d6c6fca151af96724c1feb0079da1.jpg,[0.22242925 0.22384451 0.11081436 0.08247728 0.2569696  0.10346501]
d5c3dd813ebb3c842e862eff9cecc274.jpg,[0.23030275 0.18537478 0.13928565 0.09599455 0.22374903 0.1252932 ]
d5c790d3fb1b6a48580307771186f800.jpg,[0.243967   0.19759554 0.1410497  0.09607672 0.20692502 0.11438596]
d6391394bc39ed15e1a029f0a6354a4a.jpg,[0.2106837  0.20986319 0.11754346 0.06979857 0.2898567  0.10225433]
d649541ce6a6cfe1fda1d75333f4e6bb.jpg,[0.26088178 0.19862889 0.11623039 0.06719424 0.25478595 0.10227873]
d6705ac52d126d0da8d6ecd637bb3631.jpg,[0.23356351 0.20976949 0.13627428 0.08968663 0.21176837 0.11893779]
d6875e8f5ec78296e2fa6d78f2c7b834.jpg,[0.20890602 0.20987654 0.1264186  0.08453359 0.26142973 0.10883552]
d835affaa23249e09cc0265f8dbe9032.jpg,[0.19742338 0.22977744 0.12138522 0.07887745 0.2642816  0.10825486]
d860e024eecfd641864a2de3bcf5448d.jpg,[0.2096351  0.19464007 0.1411062  0.10294584 0.2125447  0.13912804]
d8c198f06cfc53924359b953979dede5.jpg,[0.21373045 0.19385299 0.14208831 0.09866723 0.22389771 0.1277633 ]
d8ce860863de2762e6a952c6ef44fe1b.jpg,[0.21260506 0.18610945 0.1411535  0.10490995 0.22146769 0.13375436]
d92bea40832b0d91a7ea58d3b0c5b4b8.jpg,[0.20317298 0.20519128 0.12981416 0.08834781 0.25252768 0.12094603]
d9ac2bb010e1ca884966df79adaf9792.jpg,[0.22689717 0.21714003 0.12624416 0.0847964  0.22863308 0.11628916]
d9e1edd218c1a1c347f4c99120da481a.jpg,[0.19495283 0.18949041 0.14264025 0.12110211 0.21397026 0.13784416]
da154df9f315ce49a28d74df72c3631d.jpg,[0.25077367 0.18204579 0.13209914 0.08509248 0.23104298 0.11894593]
daaec350f70997451507b3b8829bc4f4.jpg,[0.25096413 0.19251609 0.12513638 0.08259775 0.22725794 0.12152778]
dbc468800bbeb0a66117105904983c3e.jpg,[0.23427154 0.20422028 0.12653567 0.09437892 0.22499904 0.11559456]
dbd9f1771b2ea828d3af8495e094b17d.jpg,[0.20240964 0.20815632 0.13075255 0.10635928 0.22782925 0.124493  ]
dbfe0ffb5c22386ef28a28d7d251a0e5.jpg,[0.2588988  0.20627576 0.1297647  0.07823582 0.21104255 0.11578237]
dc6de936c063c5d57d14f09fe39ad23d.jpg,[0.2042095  0.20858504 0.13441539 0.09574407 0.23827016 0.11877588]
dc99f61404e33edf327840aee7e4ad96.jpg,[0.22541301 0.21837147 0.11999934 0.08215811 0.24550524 0.10855276]
dcb4555a9660075f622ce22c235c4d9e.jpg,[0.22659062 0.18389547 0.11960929 0.06859467 0.29173952 0.10957035]
dced677cd91aa09ddda9d72d8462b579.jpg,[0.21520653 0.1934682  0.13388318 0.08460636 0.26024023 0.11259551]
dd0024686d913bffa9b212a7400fc37d.jpg,[0.2700175  0.18993393 0.11922642 0.06568535 0.25037125 0.10476557]
dd0455925400b74a678118d15b995e50.jpg,[0.2158141  0.21645285 0.11751159 0.09617758 0.24078831 0.11325554]
dd40662cc8e4ee9642a6e63aa3d06be9.jpg,[0.26773366 0.16841    0.15101705 0.08840466 0.19354624 0.13088837]
dd9e8c29eab9f6bb0c5768a18b9de415.jpg,[0.22584078 0.21498922 0.12731498 0.08067366 0.23833743 0.11284391]
de272d742345127dd3104cc3a454af51.jpg,[0.19932628 0.21284907 0.12222131 0.10118045 0.237756   0.12666692]
de2962d4c886287b27dcf3c2ae5c9e11.jpg,[0.23774253 0.20691082 0.12101958 0.07857757 0.24788882 0.10786068]
de7e702890670f8187effc5b351dfe20.jpg,[0.238188   0.21461505 0.11894697 0.08959264 0.22237225 0.11628508]
de9bf21f0f871eedca2d4a8aa5cb6266.jpg,[0.2470174  0.19585983 0.14180197 0.07726366 0.22390935 0.11414779]
deed199217c05debea6f16a3ad52c770.jpg,[0.22586288 0.22586533 0.11091361 0.07329249 0.26522294 0.0988428 ]
df1f4648fe661abb1113fca7994125ce.jpg,[0.22907086 0.22173738 0.11243863 0.07145551 0.26304972 0.10224794]
df6f35024b8a8eb84bc0e19e4e01e865.jpg,[0.19249503 0.19103482 0.1569493  0.11999691 0.20491527 0.13460875]
dfa4abd9b3615ee7d50cbca781754821.jpg,[0.23337948 0.19194242 0.14032151 0.08740827 0.22327678 0.12367155]
dff8b3910a43036767d0f95bfcd22580.jpg,[0.25031036 0.19202279 0.12046899 0.06765248 0.26725808 0.10228738]
e00cf63707d2114c7fab789fd07ea36d.jpg,[0.2625019  0.19863923 0.12472081 0.06976328 0.23429677 0.11007804]
e09eb2bd791b6a69ceacd3553d0157e0.jpg,[0.2532486  0.18779942 0.11214681 0.06241754 0.28536427 0.09902336]
e12c31edf86db068215449c38f8f89a4.jpg,[0.19918765 0.20519587 0.13355355 0.10523336 0.23805438 0.11877506]
e187afa87c8ab29b4dcbeeb6a238bfa5.jpg,[0.23687957 0.19871777 0.12005506 0.07723598 0.25897506 0.10813655]
e18e50e7b9987bdaa3e748e1553d9cbe.jpg,[0.22706443 0.20935287 0.12674    0.08949125 0.23013327 0.11721824]
e1f7221ba4660361d926659c12bac94a.jpg,[0.20565483 0.19713649 0.13473964 0.08961638 0.25951108 0.11334147]
e21b08c3d2d6ca951a87c435f8fd4309.jpg,[0.2090158  0.1983362  0.1275675  0.10257429 0.23273776 0.12976852]
e22e5afdceda804ecb9f9cc6dbafca94.jpg,[0.24020089 0.21547373 0.1374456  0.08783043 0.20132852 0.11772083]
e2410e7e3398743f5e2761fff43b5c10.jpg,[0.20202555 0.16844308 0.16274698 0.13493259 0.17815332 0.1536985 ]
e25c71ac2e0959c33e48d4257e650db7.jpg,[0.21656945 0.22073148 0.12730257 0.07622918 0.24873772 0.11042959]
e3466456dce948679f5a4fc332f7dbed.jpg,[0.2192304  0.22311531 0.11252981 0.06726705 0.27796456 0.09989283]
e3953f9ebd3028b5176a096a84aaf587.jpg,[0.2335529  0.19738121 0.12626903 0.08637153 0.24073344 0.11569192]
e3ee5fa788721ea84245b4902dc1b743.jpg,[0.25048387 0.20005368 0.1241639  0.06879032 0.24813978 0.10836832]
e50a880bdaae65483d947eb437195648.jpg,[0.26123407 0.18851493 0.11808865 0.06455185 0.255098   0.11251243]
e5156013a8c8c97f54e41a468cf11dd6.jpg,[0.19573659 0.20451328 0.13017786 0.09130935 0.26482472 0.11343829]
e517f71dc38dd0878848de4498a926ae.jpg,[0.1999003  0.22494958 0.13144301 0.0847394  0.24909315 0.10987461]
e5cf2aef73c761ddd7710b31db7f0f3f.jpg,[0.21973044 0.18665779 0.12265039 0.07066372 0.286422   0.11387569]
e5f81e198e6a2e98996b813f1fd75a65.jpg,[0.24014466 0.20594405 0.12242193 0.07556162 0.23864782 0.11728002]
e5fe43ce882e406e318367e056611fc5.jpg,[0.23895612 0.19348007 0.14132224 0.0870559  0.21221404 0.12697163]
e67556f94490fdbc1ff57cb583fac387.jpg,[0.22234145 0.20439716 0.12338867 0.08361651 0.2568047  0.10945151]
e676a35dd4ea5422ebbf68ef61f48def.jpg,[0.23636526 0.2333147  0.10377962 0.05565871 0.29125214 0.07962953]
e6ab08e93c419f3dcb04aaa7bafb8796.jpg,[0.22998628 0.17743397 0.1430596  0.08781603 0.24233012 0.11937405]
e6e6bf78b6b5431f4678e60054f515cf.jpg,[0.22212967 0.19511555 0.13606586 0.10771137 0.21681409 0.12216343]
e70368bd1d3918b0173b2cd64e9eaf6a.jpg,[0.2483093  0.1899816  0.11687566 0.06934484 0.27386138 0.10162731]
e72aba70e2bc995f76d49d2b2ee1df5a.jpg,[0.24762823 0.21366213 0.11736418 0.0746585  0.2396119  0.10707507]
e734b1ca13046406a7ced7cb045477f1.jpg,[0.22945207 0.20476831 0.13132685 0.09782936 0.21421611 0.12240732]
e739ca57125efaa3d0e1d57cd9551731.jpg,[0.24315318 0.1690867  0.14340608 0.09020952 0.22762683 0.12651776]
e8467b5fde996c15e9243e4f6b7387b8.jpg,[0.23130947 0.19346617 0.11809573 0.07629769 0.27473074 0.10610027]
e858e948b6eed6db7b05c88cd0199d7a.jpg,[0.25429237 0.20171125 0.12042687 0.07161085 0.24537598 0.10658269]
e8600a0fc670999b15122901421813b3.jpg,[0.24133112 0.21067563 0.11684551 0.08824885 0.23437896 0.10851988]
e884d29f5b37f721cb41977b319b1c67.jpg,[0.2131741  0.22061555 0.11769047 0.0809148  0.25783727 0.10976776]
e88ef258ae5cdb9b5cae2925fd106d8e.jpg,[0.19439417 0.21070723 0.12510693 0.12763327 0.21384655 0.12831183]
e899920b9e00c68a8a10f384c4704296.jpg,[0.2102643  0.20087281 0.1382742  0.10079604 0.22663297 0.12315968]
e999fdb193f75bbe7514409ab21a19d8.jpg,[0.24713135 0.19628215 0.11715253 0.06476703 0.28041983 0.09424717]
ea61dac14a5f1619e446ec2429756db6.jpg,[0.22273412 0.2007599  0.14396669 0.10951234 0.19234483 0.13068217]
ea7bf245477575d8bc489e8d1c9e6a77.jpg,[0.24060929 0.204538   0.12657487 0.08519483 0.22632812 0.11675478]
ead4a575ac2af82def3800c8d4375315.jpg,[0.22825114 0.20865719 0.11054173 0.07920764 0.26832914 0.1050131 ]
eb4a358229003782e24584d8a372921e.jpg,[0.22926106 0.20350645 0.12518893 0.09094718 0.23114711 0.11994928]
eb736e432612af287901a4f8d629bb6a.jpg,[0.2050761  0.19199039 0.13588117 0.09257558 0.2510016  0.12347522]
eb76a3e2211c06c82bd8d0ada96e3b5a.jpg,[0.26465756 0.18483075 0.12409662 0.06386023 0.25403002 0.10852479]
eba11a119739ff013bfd207e0f9189a1.jpg,[0.19414212 0.21757962 0.1167487  0.09890123 0.25041652 0.12221178]
ec2ccf2bf2483dfc39bbc00fa855c308.jpg,[0.22209421 0.2063162  0.13074253 0.09071953 0.22806822 0.12205927]
ec5865342bf1d5e27a1778a4004e2dbf.jpg,[0.22870302 0.18429898 0.13990684 0.0845332  0.24005511 0.12250287]
eccf417038bfb0379b4e0fc52599e3f4.jpg,[0.23597074 0.19156545 0.12813869 0.07255703 0.263249   0.1085191 ]
ed67cc79a1387d5d2887808d00357fe8.jpg,[0.20241746 0.19832765 0.13673615 0.09017058 0.25043958 0.12190854]
edf36668f40e22578d6e97528cfd1810.jpg,[0.2203888  0.1995311  0.13197789 0.09718067 0.23293433 0.11798721]
ee41834569529a6ceb7f0bc8cbcceb4a.jpg,[0.2613149  0.21233048 0.11744681 0.07262877 0.22874519 0.10753385]
ef1e8b4244efc847f1bce516087bd3b7.jpg,[0.24525292 0.20843507 0.11782317 0.07228045 0.2496135  0.10659483]
ef2c69582a5295f39afb3fdd14923760.jpg,[0.26423186 0.19023183 0.12142172 0.07349834 0.23786595 0.11275021]
efb3149c2e28d9a6a22819958c2a0175.jpg,[0.22900608 0.21716897 0.11445642 0.08104477 0.25156546 0.10675827]
effac591b25de167ce69d9afd2d1b783.jpg,[0.22244792 0.2088833  0.12121329 0.06989582 0.27417374 0.10338587]
f014a6b0a8d5f241a0fe0e71ec7a8308.jpg,[0.19961016 0.22177799 0.12875383 0.09960163 0.23230922 0.11794721]
f036eae04bfe54494649ee0ef6b5e810.jpg,[0.2147462  0.21569417 0.1186301  0.09139347 0.24398635 0.11554972]
f0709697d07094909dcbfd61b389f9af.jpg,[0.2378589  0.19988333 0.12202293 0.08300326 0.24442172 0.11280995]
f0dcd4742dce158a2fe2e3965801f6e9.jpg,[0.25318033 0.18723224 0.12326537 0.07500835 0.2455297  0.11578404]
f11942e7d8430a83ed98e0bcb0b6cf54.jpg,[0.2551537  0.17020452 0.14740025 0.09559193 0.20438124 0.12726836]
f1db4f4073b4b766a38ad9fe4d5a98b5.jpg,[0.21992643 0.20289056 0.13378501 0.10077903 0.21169311 0.13092585]
f2008fcc6cba4e4d07880c6af2465fb3.jpg,[0.21803667 0.20924544 0.12438814 0.09667633 0.24267237 0.10898104]
f206a84b136b89a61ad78f0f507af2d3.jpg,[0.23282354 0.2003436  0.13664009 0.09394    0.21517777 0.12107498]
f270fac7a3df8bfc884e005780eed803.jpg,[0.25226906 0.21125366 0.11379158 0.06935287 0.25048608 0.10284672]
f2c590b4fce4a697ee25e8c86227c001.jpg,[0.24961406 0.19019797 0.11632805 0.06750175 0.2731494  0.10320874]
f38a3353b85a5c42df8448b2664ac000.jpg,[0.25173724 0.1990554  0.12577713 0.07122955 0.24721055 0.10499014]
f3f0f4642749fdb41f42a8edbdb29966.jpg,[0.21726823 0.20646143 0.13560936 0.08754961 0.23555505 0.11755635]
f4c75e6829cd1ee5316fb6c0a47d6a6b.jpg,[0.2186928  0.22612916 0.10749159 0.07649929 0.27421463 0.09697263]
f551dfbd88d41c3cfef9921a5f32487b.jpg,[0.2192992  0.21009578 0.13727231 0.08939394 0.22013395 0.12380486]
f5b6a2a6e32acc6423d7925a204ae1df.jpg,[0.22943059 0.17917202 0.15031506 0.10329497 0.20069024 0.13709715]
f7234965726d6d8fa096ba68cfc8c57a.jpg,[0.20589086 0.18152787 0.15505233 0.11048509 0.21060057 0.13644326]
f7886d62dbd5041ddb190d0d8166e69f.jpg,[0.21976668 0.20397742 0.12151682 0.07006548 0.28633043 0.09834323]
f86b76f3f653413ae7ba59076f9b3472.jpg,[0.22284193 0.2103009  0.13095103 0.07772209 0.25688383 0.10130024]
f8f07f6690602e7e9002f6038c129549.jpg,[0.21984662 0.18721272 0.13874424 0.10030228 0.22261174 0.13128236]
f8fca52f4bc1ef61761aa53991f66fae.jpg,[0.21315216 0.195358   0.13111609 0.07742018 0.26944712 0.11350638]
f950f58e03d7e11200d84896cfc4da10.jpg,[0.22616172 0.20695175 0.12041498 0.08529043 0.25117245 0.11000865]
f96e8680134c912ae068852b689a23b9.jpg,[0.22106811 0.19399717 0.12669276 0.08151197 0.2657142  0.11101574]
f986bf3bad4d79596ea9b8dbfa0e581f.jpg,[0.24461855 0.20702371 0.12264521 0.08343863 0.22279705 0.11947687]
f9dbac3f97d16be9d457187ccbf12b02.jpg,[0.23766093 0.20467015 0.12429515 0.07322984 0.25599176 0.10415218]
f9e974c9e5c3600e676f4cd358a23514.jpg,[0.18537615 0.22732697 0.11206399 0.11354789 0.25872564 0.10295926]
fa559395ccbd2801004d8625899c3159.jpg,[0.1965796  0.20914589 0.13996713 0.09611818 0.2330163  0.12517293]
faacf4da02b0275899c5a67720092ab6.jpg,[0.20365661 0.20226772 0.14724836 0.1120285  0.199557   0.1352418 ]
faada5fae361e4991d4cd45c31302c0e.jpg,[0.25263965 0.18274996 0.13088101 0.0650653  0.26205832 0.10660572]
fafe8dd90bc87da2bfcbda341d1a7125.jpg,[0.22132622 0.2048159  0.1323043  0.07640344 0.25055784 0.11459234]
fb80bda64382caede35cbba1170fafad.jpg,[0.1947786  0.20600268 0.13123785 0.10710005 0.2377271  0.12315369]
fb9b3080f20c3420b4cbb3331adefcc9.jpg,[0.23159017 0.21562463 0.11200237 0.0719329  0.26614472 0.10270512]
fba1bac959654aafe9a14900d8f99a6d.jpg,[0.25716695 0.1758729  0.14219372 0.07869072 0.22698954 0.1190862 ]
fc05a7e2f20a7c1640b83b736c097d04.jpg,[0.24502926 0.18304196 0.1285421  0.07795583 0.25204435 0.11338647]
fc80befae0b5eea7afd704799ed1a971.jpg,[0.21484534 0.19046415 0.14906955 0.1156349  0.19282646 0.13715962]
fc80f4316a33b32437943dc9bef216a4.jpg,[0.21134123 0.19520605 0.13510434 0.10400074 0.23086922 0.12347845]
fc953bdc6452714f4891a5e98927146d.jpg,[0.21047488 0.21047664 0.12724368 0.08978431 0.2423484  0.119672  ]
fcacb5eda7f939c162a1a7f44e4c7568.jpg,[0.20294596 0.20443052 0.13660483 0.12729208 0.19259658 0.13612996]
fd32f3ff3c0c60b8c1c8c3ca73f7a57b.jpg,[0.22659956 0.1916679  0.11120998 0.06545562 0.30418602 0.10088096]
fddf6b7bb409b905d6d42b334dbe5a6d.jpg,[0.23036075 0.21670206 0.1253789  0.07930436 0.23697843 0.11127548]
fe2cb2dab69c79e64d4a31a063021902.jpg,[0.2151506  0.21633184 0.13424519 0.10011831 0.21989316 0.11426096]
fe5dff76799cadb82f7e9f779cb05be8.jpg,[0.24950044 0.187602   0.12359542 0.08020037 0.24522248 0.1138793 ]
fe6547b7d789eb07832683c4ee1b8c27.jpg,[0.23231776 0.18278529 0.15518455 0.09460963 0.19802986 0.1370728 ]
fe6ddb725c826d579a2228b0b2b7c675.jpg,[0.19188352 0.22125642 0.12256416 0.1081786  0.22815858 0.12795863]
febe353e7ff7cb6eda791c6ecb2e566c.jpg,[0.21974802 0.19013235 0.14307386 0.10146592 0.20955366 0.1360263 ]
feef439f1af7ce4b68571c3dc920477a.jpg,[0.18355994 0.20634052 0.13348007 0.10652223 0.24641578 0.12368149]
feefa6f2b802593d2976d753f4c29619.jpg,[0.19222648 0.21864867 0.14420636 0.09602203 0.22635181 0.12254465]
ff5fa9db03c37442dea4499ceeb50858.jpg,[0.2506683  0.1897059  0.1258587  0.07333653 0.24632606 0.11410457]
ffa802cb4f51b722d76de78cddb68cde.jpg,[0.19571596 0.20574719 0.11759672 0.08685352 0.29028523 0.10380138]
ffd7cea59a11d556652b140530ba1c44.jpg,[0.19032298 0.20522931 0.13271798 0.09905304 0.25208718 0.12058952]
ffea465fcad79046316a980e91d51f3d.jpg,[0.19302917 0.20194763 0.1355915  0.08843856 0.26344657 0.11754654]
fff738a1c0d8ee0323cfd7095944b8dd.jpg,[0.23621556 0.20267959 0.14635606 0.09026082 0.19626972 0.12821819]
